FID,Id,Site,Circrat,SpeciesCod,ColonyID,PatchID,PatchName,LinkTP_Bac,LinkTP_For,Date,Notes,TimePt,Max_Diam,Poly_Area,Poly_Perim,Shape_Leng,Shape_Area
0,0,OCC_MAI_00,1,PGRA, ,37,OCC_MAI_002_01_04/27/2019_PGRA_0037,15, ,04/27/2019, ,2,0.0000000,0.0625000,1.4902000,1.489975774320000,0.062519264933600
1,0,OCC_MAI_00,19,PMEA, ,38,OCC_MAI_002_19_04/27/2019_PMEA_0038,-99, ,04/27/2019,Recruitment,2,0.0000000,0.0032000,0.2282000,0.228122940804000,0.003210654961240
2,0,OCC_MAI_00,1,PMEA, ,39,OCC_MAI_002_01_04/27/2019_PMEA_0039,16, ,04/27/2019, ,2,0.0000000,0.0158000,0.5061000,0.505936689096000,0.015822030047900
3,0,OCC_MAI_00,19,PMEA, ,40,OCC_MAI_002_19_04/27/2019_PMEA_0040,-99, ,04/27/2019,Recruitment,2,0.0000000,0.0007000,0.1002000,0.099986361257100,0.000723560026499
4,0,OCC_MAI_00,9,PGRA, ,41,OCC_MAI_002_09_04/27/2019_PGRA_0041,18, ,04/27/2019, ,2,0.0000000,0.0101000,0.4122000,0.412278483381000,0.010051229998500
5,0,OCC_MAI_00,9,PMEA, ,42,OCC_MAI_002_09_04/27/2019_PMEA_0042,20, ,04/27/2019, ,2,0.0000000,0.0059000,0.3247000,0.324543927885000,0.005896589994910
6,0,OCC_MAI_00,7,PGRA, ,43,OCC_MAI_002_07_04/27/2019_PGRA_0043,22, ,04/27/2019, ,2,0.0000000,0.0171000,0.6285000,0.628304956197000,0.017073229974100
7,0,OCC_MAI_00,7,PMEA, ,44,OCC_MAI_002_07_04/27/2019_PMEA_0044,-99, ,04/27/2019,Recruitment,2,0.0000000,0.0018000,0.2079000,0.207859974657000,0.001846995007090
8,0,OCC_MAI_00,7,PMEA, ,45,OCC_MAI_002_07_04/27/2019_PMEA_0045,-99, ,04/27/2019,Recruitment,2,0.0000000,0.0025000,0.1950000,0.195042545491000,0.002452419979160
9,0,OCC_MAI_00,7,PMEA, ,46,OCC_MAI_002_07_04/27/2019_PMEA_0046,-99, ,04/27/2019,Recruitment,2,0.0000000,0.0009000,0.1283000,0.128128643974000,0.000918424978659
10,0,OCC_MAI_00,11,PMEA, ,47,OCC_MAI_002_11_04/27/2019_PMEA_0047,-99, ,04/27/2019,Recruitment,2,0.0000000,0.0007000,0.1054000,0.105435241829000,0.000711659996987
11,0,OCC_MAI_00,11,PMEA, ,48,OCC_MAI_002_11_04/27/2019_PMEA_0048,29, ,04/27/2019, ,2,0.0000000,0.0395000,1.0584000,1.058323051380000,0.039456664994000
12,0,OCC_MAI_00,11,PMEA, ,49,OCC_MAI_002_11_04/27/2019_PMEA_0049,28, ,04/27/2019, ,2,0.0000000,0.0353000,0.8985000,0.898653241185000,0.035347554949100
13,0,OCC_MAI_00,2,PMEA, ,50,OCC_MAI_002_02_04/27/2019_PMEA_0050,31, ,04/27/2019, ,2,0.0000000,0.0283000,0.7512000,0.751478481970000,0.028304440052000
14,0,OCC_MAI_00,2,PMEA, ,51,OCC_MAI_002_02_04/27/2019_PMEA_0051,-99, ,04/27/2019,Recruitment,2,0.0000000,0.0015000,0.1651000,0.165259941473000,0.001536209983890
15,0,OCC_MAI_00,2,PMEA, ,52,OCC_MAI_002_02_04/27/2019_PMEA_0052,127, ,04/27/2019, ,2,0.0000000,0.0039000,0.2537000,0.253711146786000,0.003924325037640
16,0,OCC_MAI_00,2,PMEA, ,53,OCC_MAI_002_02_04/27/2019_PMEA_0053,-99, ,04/27/2019,Recruitment,2,0.0000000,0.0014000,0.1461000,0.146048422683000,0.001421204986210
17,0,OCC_MAI_00,2,PMEA, ,54,OCC_MAI_002_02_04/27/2019_PMEA_0054,-99, ,04/27/2019,Recruitment,2,0.0000000,0.0030000,0.2082000,0.208191482975000,0.003002564974290
18,0,OCC_MAI_00,3,PMEA, ,55,OCC_MAI_002_03_04/27/2019_PMEA_0055,-99, ,04/27/2019,Recruitment,2,0.0000000,0.0007000,0.0965000,0.096457879632800,0.000686845000921
19,0,OCC_MAI_00,3,PMEA, ,56,OCC_MAI_002_03_04/27/2019_PMEA_0056,8, ,04/27/2019, ,2,0.0000000,0.0138000,0.4868000,0.486550323679000,0.013786869947500
20,0,OCC_MAI_00,5,PMEA, ,57,OCC_MAI_002_05_04/27/2019_PMEA_0057,6, ,04/27/2019, ,2,0.0000000,0.0043000,0.3698000,0.369822842931000,0.004342929975540
21,0,OCC_MAI_00,5,PMEA, ,58,OCC_MAI_002_05_04/27/2019_PMEA_0058,-99, ,04/27/2019,Recruitment,2,0.0000000,0.0006000,0.0921000,0.092073647967100,0.000577935005721
22,0,OCC_MAI_00,5,PMEA, ,59,OCC_MAI_002_05_04/27/2019_PMEA_0059,4, ,04/27/2019, ,2,0.0000000,0.0217000,0.5548000,0.554760161050000,0.021689515022400
23,0,OCC_MAI_00,4,PMEA, ,60,OCC_MAI_002_04_04/27/2019_PMEA_0060,3, ,04/27/2019, ,2,0.0000000,0.0069000,0.3662000,0.365939989809000,0.006886859995050
24,0,OCC_MAI_00,4,PMEA, ,61,OCC_MAI_002_04_04/27/2019_PMEA_0061,2, ,04/27/2019, ,2,0.0000000,0.0064000,0.3463000,0.346171107123000,0.006416080018660
25,0,OCC_MAI_00,6,PMEA, ,62,OCC_MAI_002_06_04/27/2019_PMEA_0062,17, ,04/27/2019, ,2,0.0000000,0.0038000,0.2434000,0.243534660942000,0.003825795014710
26,0,OCC_MAI_00,10,PMEA, ,63,OCC_MAI_002_10_04/27/2019_PMEA_0063,-99, ,04/27/2019,Recruitment,2,0.0000000,0.0025000,0.1910000,0.190945694291000,0.002515305006680
27,0,OCC_MAI_00,10,PMEA, ,64,OCC_MAI_002_10_04/27/2019_PMEA_0064,26, ,04/27/2019, ,2,0.0000000,0.0159000,0.5001000,0.500142989898000,0.015865154977800
28,0,OCC_MAI_00,10,PMEA, ,65,OCC_MAI_002_10_04/27/2019_PMEA_0065,-99, ,04/27/2019,Recruitment,2,0.0000000,0.0010000,0.1247000,0.124693942051000,0.001046800027220
29,0,OCC_MAI_00,12,PMEA, ,66,OCC_MAI_002_12_04/27/2019_PMEA_0066,-99, ,04/27/2019,Recruitment,2,0.0000000,0.0008000,0.1109000,0.110758619740000,0.000770299995991
30,0,OCC_MAI_00,12,PMEA, ,67,OCC_MAI_002_12_04/27/2019_PMEA_0067,-99, ,04/27/2019,Recruitment,2,0.0000000,0.0015000,0.1603000,0.160431400441000,0.001479175010080
31,0,OCC_MAI_00,12,PMEA, ,68,OCC_MAI_002_12_04/27/2019_PMEA_0068,-99, ,04/27/2019,Recruitment,2,0.0000000,0.0013000,0.1333000,0.133364446851000,0.001265380016290
32,0,OCC_MAI_00,12,PMEA, ,69,OCC_MAI_002_12_04/27/2019_PMEA_0069,-99, ,04/27/2019,Recruitment,2,0.0000000,0.0005000,0.0885000,0.088507833976400,0.000511860005108
33,0,OCC_MAI_00,12,PMEA, ,70,OCC_MAI_002_12_04/27/2019_PMEA_0070,-99, ,04/27/2019,Recruitment,2,0.0000000,0.0016000,0.1570000,0.156972415113000,0.001599540014740
34,0,OCC_MAI_00,12,PMEA, ,71,OCC_MAI_002_12_04/27/2019_PMEA_0071,11, ,04/27/2019, ,2,0.0000000,0.0152000,0.5424000,0.542378580303000,0.015190129994200
35,0,OCC_MAI_00,12,PMEA, ,72,OCC_MAI_002_12_04/27/2019_PMEA_0072,-99, ,04/27/2019,Recruitment,2,0.0000000,0.0003000,0.0676000,0.067557161868900,0.000314274992247
36,0,OCC_MAI_00,13,PMEA, ,73,OCC_MAI_002_13_04/27/2019_PMEA_0073,-99, ,04/27/2019,Recruitment,2,0.0000000,0.0001000,0.0451000,0.045064684890000,0.000135700003228
37,0,OCC_MAI_00,14,PMEA, ,74,OCC_MAI_002_14_04/27/2019_PMEA_0074,25, ,04/27/2019, ,2,0.0000000,0.0022000,0.2007000,0.200781781468000,0.002167715045840
38,0,OCC_MAI_00,14,PMEA, ,75,OCC_MAI_002_14_04/27/2019_PMEA_0075,23, ,04/27/2019, ,2,0.0000000,0.0161000,0.4800000,0.480053664635000,0.016090964942300
39,0,OCC_MAI_00,14,PMEA, ,76,OCC_MAI_002_14_04/27/2019_PMEA_0076,24, ,04/27/2019, ,2,0.0000000,0.0164000,0.4851000,0.485161578733000,0.016362560081100
40,0,OCC_MAI_00,15,PMEA, ,77,OCC_MAI_002_15_04/27/2019_PMEA_0077,-99, ,04/27/2019,Recruitment,2,0.0000000,0.0020000,0.1977000,0.197568724946000,0.002007420018330
41,0,OCC_MAI_00,16,PGRA, ,78,OCC_MAI_002_16_04/27/2019_PGRA_0078,35, ,04/27/2019, ,2,0.0000000,0.0049000,0.2706000,0.270689804277000,0.004878860017810
42,0,OCC_MAI_00,22,PMEA, ,79,OCC_MAI_002_22_04/27/2019_PMEA_0079,33, ,04/27/2019, ,2,0.0000000,0.0215000,0.6177000,0.617688275190000,0.021494484991900
43,0,OCC_MAI_00,22,PMEA, ,80,OCC_MAI_002_22_04/27/2019_PMEA_0080,-99, ,04/27/2019,Recruitment,2,0.0000000,0.0050000,0.3095000,0.309206179950000,0.005039774985520
44,0,OCC_MAI_00,22,PMEA, ,81,OCC_MAI_002_22_04/27/2019_PMEA_0081,34, ,04/27/2019, ,2,0.0000000,0.0268000,0.8369000,0.836879154782000,0.026761754981200
45,0,OCC_MAI_00,22,PMEA, ,82,OCC_MAI_002_22_04/27/2019_PMEA_0082,-99, ,04/27/2019,Recruitment,2,0.0000000,0.0018000,0.1800000,0.180185592129000,0.001809840039580
46,0,OCC_MAI_00,22,PMEA, ,83,OCC_MAI_002_22_04/27/2019_PMEA_0083,-99, ,04/27/2019,Recruitment,2,0.0000000,0.0064000,0.3282000,0.328442960949000,0.006358229993690
47,0,OCC_MAI_00,22,PMEA, ,84,OCC_MAI_002_22_04/27/2019_PMEA_0084,-99, ,04/27/2019,Recruitment,2,0.0000000,0.0009000,0.1127000,0.112577525251000,0.000887305009417
48,0,OCC_MAI_00,22,PMEA, ,85,OCC_MAI_002_22_04/27/2019_PMEA_0085,-99, ,04/27/2019,Recruitment,2,0.0000000,0.0020000,0.1658000,0.165739293474000,0.001992720046570
49,0,OCC_MAI_00,22,PMEA, ,86,OCC_MAI_002_22_04/27/2019_PMEA_0086,32, ,04/27/2019, ,2,0.0000000,0.0032000,0.2259000,0.225944096076000,0.003201795006990
50,0,OCC_MAI_00,25,PMEA, ,87,OCC_MAI_002_25_04/27/2019_PMEA_0087,12, ,04/27/2019, ,2,0.0000000,0.0067000,0.3286000,0.328657100599000,0.006732469971730
51,0,OCC_MAI_00,1,POSP, ,129,OCC_MAI_002_01_04/27/2019_POSP_0129,-99, ,04/27/2019,Recruitment,2,0.0000000,0.0001000,0.0371000,0.037083909792800,0.000101460003468
52,0,OCC_MAI_00,1,POSP, ,130,OCC_MAI_002_01_04/27/2019_POSP_0130,-99, ,04/27/2019,Recruitment,2,0.0000000,0.0001000,0.0511000,0.051149790504900,0.000141889984247
53,0,OCC_MAI_00,1,POSP, ,131,OCC_MAI_002_01_04/27/2019_POSP_0131,105, ,04/27/2019, ,2,0.0000000,0.0002000,0.0599000,0.060010428535000,0.000237469995911
54,0,OCC_MAI_00,1,POSP, ,132,OCC_MAI_002_01_04/27/2019_POSP_0132,-99, ,04/27/2019,Recruitment,2,0.0000000,0.0000000,0.0227000,0.022927119255100,0.000031520002249
55,0,OCC_MAI_00,1,POSP, ,133,OCC_MAI_002_01_04/27/2019_POSP_0133,-99, ,04/27/2019,Recruitment,2,0.0000000,0.0018000,0.1610000,0.161040045703000,0.001766929979220
56,0,OCC_MAI_00,1,POSP, ,134,OCC_MAI_002_01_04/27/2019_POSP_0134,95, ,04/27/2019, ,2,0.0000000,0.0001000,0.0356000,0.035702014666700,0.000080160002772
57,0,OCC_MAI_00,1,POSP, ,135,OCC_MAI_002_01_04/27/2019_POSP_0135,95, ,04/27/2019, ,2,0.0000000,0.0012000,0.1572000,0.157375921499000,0.001187079991930
58,0,OCC_MAI_00,1,POSP, ,136,OCC_MAI_002_01_04/27/2019_POSP_0136,95, ,04/27/2019, ,2,0.0000000,0.0001000,0.0624000,0.062196839288200,0.000127815008923
59,0,OCC_MAI_00,1,POSP, ,137,OCC_MAI_002_01_04/27/2019_POSP_0137,94, ,04/27/2019, ,2,0.0000000,0.0003000,0.0711000,0.071175249570800,0.000250329995805
60,0,OCC_MAI_00,1,POSP, ,138,OCC_MAI_002_01_04/27/2019_POSP_0138,"97,99", ,04/27/2019, ,2,0.0000000,0.0049000,0.4226000,0.422654395133000,0.004866024979550
61,0,OCC_MAI_00,1,POSP, ,139,OCC_MAI_002_01_04/27/2019_POSP_0139,98, ,04/27/2019, ,2,0.0000000,0.0002000,0.0552000,0.055180801425500,0.000182680002592
62,0,OCC_MAI_00,1,POSP, ,140,OCC_MAI_002_01_04/27/2019_POSP_0140,98, ,04/27/2019, ,2,0.0000000,0.0002000,0.0519000,0.051917269870200,0.000187315003609
63,0,OCC_MAI_00,1,POSP, ,141,OCC_MAI_002_01_04/27/2019_POSP_0141,96, ,04/27/2019, ,2,0.0000000,0.0003000,0.0638000,0.063849571713200,0.000254474999791
64,0,OCC_MAI_00,1,POSP, ,142,OCC_MAI_002_01_04/27/2019_POSP_0142,-99, ,04/27/2019,Recruitment,2,0.0000000,0.0001000,0.0364000,0.036384726750200,0.000063424997602
65,0,OCC_MAI_00,1,POSP, ,143,OCC_MAI_002_01_04/27/2019_POSP_0143,100, ,04/27/2019, ,2,0.0000000,0.0008000,0.1326000,0.132611201468000,0.000828385023145
66,0,OCC_MAI_00,1,POSP, ,144,OCC_MAI_002_01_04/27/2019_POSP_0144,-99, ,04/27/2019,Recruitment,2,0.0000000,0.0003000,0.0665000,0.066582626766600,0.000310440013052
67,0,OCC_MAI_00,1,POSP, ,145,OCC_MAI_002_01_04/27/2019_POSP_0145,106, ,04/27/2019, ,2,0.0000000,0.0145000,0.7724000,0.772625702184000,0.014506964866600
68,0,OCC_MAI_00,2,POSP, ,146,OCC_MAI_002_02_04/27/2019_POSP_0146,125, ,04/27/2019, ,2,0.0000000,0.0004000,0.0801000,0.080165855751100,0.000435064999844
69,0,OCC_MAI_00,2,POSP, ,147,OCC_MAI_002_02_04/27/2019_POSP_0147,122, ,04/27/2019, ,2,0.0000000,0.0002000,0.0493000,0.049295472195000,0.000167939992694
70,0,OCC_MAI_00,2,POSP, ,148,OCC_MAI_002_02_04/27/2019_POSP_0148,123, ,04/27/2019, ,2,0.0000000,0.0001000,0.0317000,0.031925345520100,0.000065670006553
71,0,OCC_MAI_00,2,POSP, ,149,OCC_MAI_002_02_04/27/2019_POSP_0149,"116,178,179", ,04/27/2019, ,2,0.0000000,0.0023000,0.2889000,0.289050989383000,0.002312794979810
72,0,OCC_MAI_00,2,POSP, ,150,OCC_MAI_002_02_04/27/2019_POSP_0150,108, ,04/27/2019, ,2,0.0000000,0.0001000,0.0464000,0.046476761363000,0.000132674989431
73,0,OCC_MAI_00,2,POSP, ,151,OCC_MAI_002_02_04/27/2019_POSP_0151,"107,110", ,04/27/2019, ,2,0.0000000,0.0112000,0.4774000,0.477429245484000,0.011189030065900
74,0,OCC_MAI_00,2,POSP, ,152,OCC_MAI_002_02_04/27/2019_POSP_0152,108, ,04/27/2019, ,2,0.0000000,0.0002000,0.0558000,0.055883561899200,0.000210565019985
75,0,OCC_MAI_00,2,POSP, ,153,OCC_MAI_002_02_04/27/2019_POSP_0153,-99, ,04/27/2019,Recruitment,2,0.0000000,0.0009000,0.1209000,0.120902122257000,0.000946309991256
76,0,OCC_MAI_00,2,POSP, ,154,OCC_MAI_002_02_04/27/2019_POSP_0154,121, ,04/27/2019, ,2,0.0000000,0.0011000,0.1414000,0.141224106964000,0.001111924975270
77,0,OCC_MAI_00,2,PMEA, ,155,OCC_MAI_002_02_04/27/2019_PMEA_0155,-99, ,04/27/2019,Recruitment,2,0.0000000,0.0012000,0.1403000,0.140343061565000,0.001192019984920
78,0,OCC_MAI_00,2,POSP, ,156,OCC_MAI_002_02_04/27/2019_POSP_0156,128, ,04/27/2019, ,2,0.0000000,0.0015000,0.1910000,0.191087994871000,0.001489504980430
79,0,OCC_MAI_00,2,POSP, ,157,OCC_MAI_002_02_04/27/2019_POSP_0157,112, ,04/27/2019, ,2,0.0000000,0.0017000,0.1828000,0.182716827752000,0.001696695019280
80,0,OCC_MAI_00,2,POSP, ,158,OCC_MAI_002_02_04/27/2019_POSP_0158,126, ,04/27/2019, ,2,0.0000000,0.0021000,0.1765000,0.176572990448000,0.002098710036420
81,0,OCC_MAI_00,2,POSP, ,159,OCC_MAI_002_02_04/27/2019_POSP_0159,118, ,04/27/2019, ,2,0.0000000,0.0000000,0.0199000,0.019850364060600,0.000025749999687
82,0,OCC_MAI_00,2,POSP, ,160,OCC_MAI_002_02_04/27/2019_POSP_0160,118, ,04/27/2019, ,2,0.0000000,0.0002000,0.0627000,0.062597268760300,0.000190924999307
83,0,OCC_MAI_00,3,POSP, ,161,OCC_MAI_002_03_04/27/2019_POSP_0161,91, ,04/27/2019, ,2,0.0000000,0.0001000,0.0331000,0.033090939962300,0.000074444998859
84,0,OCC_MAI_00,3,POSP, ,162,OCC_MAI_002_03_04/27/2019_POSP_0162,90, ,04/27/2019, ,2,0.0000000,0.0034000,0.2275000,0.227573980811000,0.003366669995470
85,0,OCC_MAI_00,3,POSP, ,163,OCC_MAI_002_03_04/27/2019_POSP_0163,89, ,04/27/2019, ,2,0.0000000,0.0010000,0.1183000,0.118264975055000,0.000958404994308
86,0,OCC_MAI_00,3,POSP, ,164,OCC_MAI_002_03_04/27/2019_POSP_0164,92, ,04/27/2019, ,2,0.0000000,0.0006000,0.0962000,0.096258589424100,0.000578929996753
87,0,OCC_MAI_00,3,POSP, ,165,OCC_MAI_002_03_04/27/2019_POSP_0165,-99, ,04/27/2019,Recruitment,2,0.0000000,0.0003000,0.0765000,0.076506557002800,0.000259539994457
88,0,OCC_MAI_00,3,POSP, ,166,OCC_MAI_002_03_04/27/2019_POSP_0166,-99, ,04/27/2019,Recruitment,2,0.0000000,0.0001000,0.0502000,0.050007933859000,0.000146760005001
89,0,OCC_MAI_00,3,POSP, ,167,OCC_MAI_002_03_04/27/2019_POSP_0167,-99, ,04/27/2019,Recruitment,2,0.0000000,0.0005000,0.0829000,0.082876773122600,0.000488574998769
90,0,OCC_MAI_00,5,POSP, ,168,OCC_MAI_002_05_04/27/2019_POSP_0168,-99, ,04/27/2019,Recruitment,2,0.0000000,0.0005000,0.0902000,0.090153055379300,0.000459845018892
91,0,OCC_MAI_00,5,POSP, ,169,OCC_MAI_002_05_04/27/2019_POSP_0169,-99, ,04/27/2019,Recruitment,2,0.0000000,0.0005000,0.0873000,0.087359820000300,0.000508270012322
92,0,OCC_MAI_00,5,POSP, ,170,OCC_MAI_002_05_04/27/2019_POSP_0170,-99, ,04/27/2019,Recruitment,2,0.0000000,0.0005000,0.0988000,0.098823284552800,0.000504374996964
93,0,OCC_MAI_00,5,POSP, ,171,OCC_MAI_002_05_04/27/2019_POSP_0171,-99, ,04/27/2019,Recruitment,2,0.0000000,0.0004000,0.0765000,0.076467541769600,0.000404450007745
94,0,OCC_MAI_00,5,POSP, ,172,OCC_MAI_002_05_04/27/2019_POSP_0172,-99, ,04/27/2019,Recruitment,2,0.0000000,0.0005000,0.0860000,0.085964353842500,0.000465665018071
95,0,OCC_MAI_00,5,POSP, ,173,OCC_MAI_002_05_04/27/2019_POSP_0173,-99, ,04/27/2019,Recruitment,2,0.0000000,0.0003000,0.0621000,0.062072189133500,0.000268094981131
96,0,OCC_MAI_00,2,PMEA, ,174,OCC_MAI_002_02_04/27/2019_PMEA_0174,-99, ,04/27/2019,Recruitment,2,0.0000000,0.0029000,0.2183000,0.218010480630000,0.002873279996160
97,0,OCC_MAI_00,2,PMEA, ,175,OCC_MAI_002_02_04/27/2019_PMEA_0175,180, ,04/27/2019, ,2,0.0000000,0.0025000,0.1887000,0.188745938580000,0.002495139977210
98,0,OCC_MAI_00,2,PMEA, ,176,OCC_MAI_002_02_04/27/2019_PMEA_0176,-99, ,04/27/2019,Recruitment,2,0.0000000,0.0010000,0.1393000,0.139333152856000,0.000996785026290
99,0,OCC_MAI_00,2,POSP, ,177,OCC_MAI_002_02_04/27/2019_POSP_0177,119, ,04/27/2019, ,2,0.0000000,0.0003000,0.0645000,0.064387527001500,0.000289254991476
100,0,OCC_MAI_00,4,PMEA, ,1,OCC_MAI_002_04_12/19/2016_PMEA_0001, ,-99,12/19/2016,Mortality,1,0.0000000,0.0370000,0.7228000,0.722785447188000,0.037036650031100
101,0,OCC_MAI_00,4,PMEA, ,2,OCC_MAI_002_04_12/19/2016_PMEA_0002, ,61,12/19/2016, ,1,0.0000000,0.0033000,0.2239000,0.223822574791000,0.003329420021210
102,0,OCC_MAI_00,4,PMEA, ,3,OCC_MAI_002_04_12/19/2016_PMEA_0003, ,60,12/19/2016, ,1,0.0000000,0.0028000,0.2057000,0.205895312431000,0.002833649985930
103,0,OCC_MAI_00,5,PMEA, ,4,OCC_MAI_002_05_12/19/2016_PMEA_0004, ,59,12/19/2016, ,1,0.0000000,0.0090000,0.3579000,0.357921101983000,0.009000539998310
104,0,OCC_MAI_00,5,PMEA, ,5,OCC_MAI_002_05_12/19/2016_PMEA_0005, ,-99,12/19/2016,Mortality,1,0.0000000,0.0045000,0.2473000,0.247284611474000,0.004516744978360
105,0,OCC_MAI_00,5,PMEA, ,6,OCC_MAI_002_05_12/19/2016_PMEA_0006, ,57,12/19/2016, ,1,0.0000000,0.0064000,0.3067000,0.306635465265000,0.006412555058210
106,0,OCC_MAI_00,5,PMEA, ,7,OCC_MAI_002_05_12/19/2016_PMEA_0007, ,-99,12/19/2016,Mortality,1,0.0000000,0.0511000,0.8425000,0.842493498782000,0.051122170044400
107,0,OCC_MAI_00,3,PMEA, ,8,OCC_MAI_002_03_12/19/2016_PMEA_0008, ,56,12/19/2016, ,1,0.0000000,0.0071000,0.3170000,0.316883235940000,0.007090320017150
108,0,OCC_MAI_00,12,PMEA, ,9,OCC_MAI_002_12_12/19/2016_PMEA_0009, ,-99,12/19/2016,Mortality,1,0.0000000,0.0212000,0.6150000,0.615039447102000,0.021190504944500
109,0,OCC_MAI_00,12,PMEA, ,10,OCC_MAI_002_12_12/19/2016_PMEA_0010, ,-99,12/19/2016,Mortality,1,0.0000000,0.0024000,0.1834000,0.183256557866000,0.002386340035000
110,0,OCC_MAI_00,12,PMEA, ,11,OCC_MAI_002_12_12/19/2016_PMEA_0011, ,71,12/19/2016, ,1,0.0000000,0.0097000,0.3944000,0.394259006736000,0.009687365072260
111,0,OCC_MAI_00,25,PMEA, ,12,OCC_MAI_002_25_12/19/2016_PMEA_0012, ,87,12/19/2016, ,1,0.0000000,0.0021000,0.1806000,0.180593404434000,0.002115309964890
112,0,OCC_MAI_00,25,PMEA, ,13,OCC_MAI_002_25_12/19/2016_PMEA_0013, ,-99,12/19/2016,Mortality,1,0.0000000,0.0331000,0.8606000,0.860615594272000,0.033116850060900
113,0,OCC_MAI_00,25,PMEA, ,14,OCC_MAI_002_25_12/19/2016_PMEA_0014, ,-99,12/19/2016,Mortality; entire coral broke off?,1,0.0000000,0.0398000,0.7497000,0.749898979918000,0.039801849928400
114,0,OCC_MAI_00,1,PGRA, ,15,OCC_MAI_002_01_12/19/2016_PGRA_0015, ,37,12/19/2016, ,1,0.0000000,0.0649000,0.9433000,0.943314884051000,0.064863420001600
115,0,OCC_MAI_00,1,PMEA, ,16,OCC_MAI_002_01_12/19/2016_PMEA_0016, ,39,12/19/2016, ,1,0.0000000,0.0070000,0.3087000,0.308617727596000,0.006974385005540
116,0,OCC_MAI_00,6,PMEA, ,17,OCC_MAI_002_06_12/19/2016_PMEA_0017, ,62,12/19/2016, ,1,0.0000000,0.0008000,0.1042000,0.104102388450000,0.000781720020569
117,0,OCC_MAI_00,9,PGRA, ,18,OCC_MAI_002_09_12/19/2016_PGRA_0018, ,41,12/19/2016, ,1,0.0000000,0.0048000,0.2729000,0.272893728947000,0.004807780006210
118,0,OCC_MAI_00,9,PMEA, ,19,OCC_MAI_002_09_12/19/2016_PMEA_0019, ,-99,12/19/2016,Morality,1,0.0000000,0.0397000,0.7619000,0.761738887050000,0.039734700016000
119,0,OCC_MAI_00,9,PMEA, ,20,OCC_MAI_002_09_12/19/2016_PMEA_0020, ,42,12/19/2016, ,1,0.0000000,0.0028000,0.1982000,0.198139478429000,0.002807665026530
120,0,OCC_MAI_00,7,PMEA, ,21,OCC_MAI_002_07_12/19/2016_PMEA_0021, ,-99,12/19/2016,Mortality,1,0.0000000,0.0286000,0.6641000,0.663987937072000,0.028566455017000
121,0,OCC_MAI_00,7,PGRA, ,22,OCC_MAI_002_07_12/19/2016_PGRA_0022, ,43,12/19/2016, ,1,0.0000000,0.0074000,0.3286000,0.328487083326000,0.007387564932030
122,0,OCC_MAI_00,14,PMEA, ,23,OCC_MAI_002_14_12/19/2016_PMEA_0023, ,75,12/19/2016, ,1,0.0000000,0.0060000,0.3006000,0.300764359598000,0.006039430069760
123,0,OCC_MAI_00,14,PMEA, ,24,OCC_MAI_002_14_12/19/2016_PMEA_0024, ,76,12/19/2016, ,1,0.0000000,0.0047000,0.2663000,0.266209335557000,0.004659520038860
124,0,OCC_MAI_00,14,PMEA, ,25,OCC_MAI_002_14_12/19/2016_PMEA_0025, ,74,12/19/2016, ,1,0.0000000,0.0005000,0.0902000,0.090196504667500,0.000530600020136
125,0,OCC_MAI_00,10,PMEA, ,26,OCC_MAI_002_10_12/19/2016_PMEA_0026, ,64,12/19/2016, ,1,0.0000000,0.0065000,0.3016000,0.301535469547000,0.006459620028780
126,0,OCC_MAI_00,10,PMEA, ,27,OCC_MAI_002_10_12/19/2016_PMEA_0027, ,-99,12/19/2016,Mortality,1,0.0000000,0.0277000,0.7381000,0.738147551023000,0.027745020102200
127,0,OCC_MAI_00,11,PMEA, ,28,OCC_MAI_002_11_12/19/2016_PMEA_0028, ,49,12/19/2016, ,1,0.0000000,0.0482000,1.0338000,1.033837270850000,0.048255760137500
128,0,OCC_MAI_00,11,PMEA, ,29,OCC_MAI_002_11_12/19/2016_PMEA_0029, ,48,12/19/2016, ,1,0.0000000,0.0493000,1.1131001,1.113233886060000,0.049306819901400
129,0,OCC_MAI_00,2,PMEA, ,31,OCC_MAI_002_02_12/19/2016_PMEA_0031, ,50,12/19/2016, ,1,0.0000000,0.0412000,0.8036000,0.803552574864000,0.041160179986100
130,0,OCC_MAI_00,22,PMEA, ,32,OCC_MAI_002_22_12/19/2016_PMEA_0032, ,86,12/19/2016, ,1,0.0000000,0.0010000,0.1220000,0.122025385445000,0.001049755019830
131,0,OCC_MAI_00,22,PMEA, ,33,OCC_MAI_002_22_12/19/2016_PMEA_0033, ,79,12/19/2016, ,1,0.0000000,0.0104000,0.3826000,0.382664854960000,0.010363620089500
132,0,OCC_MAI_00,22,PMEA, ,34,OCC_MAI_002_22_12/19/2016_PMEA_0034, ,81,12/19/2016, ,1,0.0000000,0.0170000,0.5692000,0.569246774248000,0.016983945002200
133,0,OCC_MAI_00,16,PGRA, ,35,OCC_MAI_002_16_12/19/2016_PGRA_0035, ,78,12/19/2016, ,1,0.0000000,0.0006000,0.0955000,0.095465255784100,0.000562074965635
134,0,OCC_MAI_00,3,POSP, ,36,OCC_MAI_002_03_12/19/2016_POSP_0036, ,-99,12/19/2016,Mortality,1,0.0000000,0.0008000,0.1116000,0.111774012091000,0.000816769983956
135,0,OCC_MAI_00,3,POSP, ,88,OCC_MAI_002_03_12/19/2016_POSP_0088, ,-99,12/19/2016,Mortality,1,0.0000000,0.0107000,0.3975000,0.397453940309000,0.010746219983800
136,0,OCC_MAI_00,3,POSP, ,89,OCC_MAI_002_03_12/19/2016_POSP_0089, ,163,12/19/2016, ,1,0.0000000,0.0014000,0.1455000,0.145552069626000,0.001426050002530
137,0,OCC_MAI_00,3,POSP, ,90,OCC_MAI_002_03_12/19/2016_POSP_0090, ,162,12/19/2016, ,1,0.0000000,0.0034000,0.2179000,0.217866176272000,0.003420384961710
138,0,OCC_MAI_00,3,POSP, ,91,OCC_MAI_002_03_12/19/2016_POSP_0091, ,161,12/19/2016, ,1,0.0000000,0.0004000,0.0827000,0.082757770700700,0.000439035020210
139,0,OCC_MAI_00,3,POSP, ,92,OCC_MAI_002_03_12/19/2016_POSP_0092, ,164,12/19/2016, ,1,0.0000000,0.0003000,0.0664000,0.066371342504800,0.000268425001803
140,0,OCC_MAI_00,5,PMEA, ,93,OCC_MAI_002_05_12/19/2016_PMEA_0093, ,-99,12/19/2016,Mortality,1,0.0000000,0.0054000,0.2924000,0.292626353108000,0.005388909992700
141,0,OCC_MAI_00,1,POSP, ,94,OCC_MAI_002_01_12/19/2016_POSP_0094, ,137,12/19/2016, ,1,0.0000000,0.0022000,0.1933000,0.193209389851000,0.002171125006880
142,0,OCC_MAI_00,1,POSP, ,95,OCC_MAI_002_01_12/19/2016_POSP_0095, ,"134,135,136",12/19/2016,Fission,1,0.0000000,0.0085000,0.3849000,0.385017511458000,0.008473020010410
143,0,OCC_MAI_00,1,POSP, ,96,OCC_MAI_002_01_12/19/2016_POSP_0096, ,141,12/19/2016, ,1,0.0000000,0.0004000,0.0789000,0.078997939325600,0.000438145004794
144,0,OCC_MAI_00,1,POSP, ,97,OCC_MAI_002_01_12/19/2016_POSP_0097, ,138,12/19/2016,Fusion,1,0.0000000,0.0007000,0.1039000,0.104014761761000,0.000683214989925
145,0,OCC_MAI_00,1,POSP, ,98,OCC_MAI_002_01_12/19/2016_POSP_0098, ,"139,140",12/19/2016,Fission,1,0.0000000,0.0011000,0.1487000,0.148627499862000,0.001112234969750
146,0,OCC_MAI_00,1,POSP, ,99,OCC_MAI_002_01_12/19/2016_POSP_0099, ,138,12/19/2016,Fusion,1,0.0000000,0.0015000,0.1801000,0.179834890633000,0.001510104965580
147,0,OCC_MAI_00,1,POSP, ,100,OCC_MAI_002_01_12/19/2016_POSP_0100, ,143,12/19/2016, ,1,0.0000000,0.0002000,0.0561000,0.056023369067500,0.000233119982890
148,0,OCC_MAI_00,1,POSP, ,101,OCC_MAI_002_01_12/19/2016_POSP_0101, ,-99,12/19/2016,Mortality,1,0.0000000,0.0020000,0.1798000,0.179749094158000,0.001991939978770
149,0,OCC_MAI_00,1,POSP, ,102,OCC_MAI_002_01_12/19/2016_POSP_0102, ,-99,12/19/2016,Mortality,1,0.0000000,0.0029000,0.2185000,0.218424407154000,0.002899255016130
150,0,OCC_MAI_00,1,POSP, ,103,OCC_MAI_002_01_12/19/2016_POSP_0103, ,-99,12/19/2016,Mortality,1,0.0000000,0.0011000,0.1285000,0.128531848064000,0.001119760017620
151,0,OCC_MAI_00,1,POSP, ,104,OCC_MAI_002_01_12/19/2016_POSP_0104, ,-99,12/19/2016,Mortality,1,0.0000000,0.0010000,0.1178000,0.117768618503000,0.001011845000690
152,0,OCC_MAI_00,1,POSP, ,105,OCC_MAI_002_01_12/19/2016_POSP_0105, ,131,12/19/2016, ,1,0.0000000,0.0001000,0.0490000,0.048999787720000,0.000144789990832
153,0,OCC_MAI_00,1,POSP, ,106,OCC_MAI_002_01_12/19/2016_POSP_0106, ,145,12/19/2016, ,1,0.0000000,0.0134000,0.6301000,0.629913957039000,0.013408879965200
154,0,OCC_MAI_00,2,POSP, ,107,OCC_MAI_002_02_12/19/2016_POSP_0107, ,151,12/19/2016,Fusion,1,0.0000000,0.0013000,0.1490000,0.148971398477000,0.001306280013540
155,0,OCC_MAI_00,2,POSP, ,108,OCC_MAI_002_02_12/19/2016_POSP_0108, ,"150,152",12/19/2016,Fission,1,0.0000000,0.0011000,0.1253000,0.125392808182000,0.001145554991680
156,0,OCC_MAI_00,2,POSP, ,109,OCC_MAI_002_02_12/19/2016_POSP_0109, ,-99,12/19/2016,Mortality,1,0.0000000,0.0012000,0.1424000,0.142391867597000,0.001211905012170
157,0,OCC_MAI_00,2,POSP, ,110,OCC_MAI_002_02_12/19/2016_POSP_0110, ,151,12/19/2016,Fusion,1,0.0000000,0.0091000,0.4593000,0.459517821810000,0.009134114991760
158,0,OCC_MAI_00,2,POSP, ,111,OCC_MAI_002_02_12/19/2016_POSP_0111, ,-99,12/19/2016,Mortality,1,0.0000000,0.0005000,0.0786000,0.078556738556000,0.000454354971234
159,0,OCC_MAI_00,2,POSP, ,112,OCC_MAI_002_02_12/19/2016_POSP_0112, ,157,12/19/2016, ,1,0.0000000,0.0035000,0.2809000,0.281008787691000,0.003485874971480
160,0,OCC_MAI_00,2,POSP, ,113,OCC_MAI_002_02_12/19/2016_POSP_0113, ,-99,12/19/2016,Mortality,1,0.0000000,0.0007000,0.1024000,0.102405523009000,0.000659639988995
161,0,OCC_MAI_00,2,POSP, ,114,OCC_MAI_002_02_12/19/2016_POSP_0114, ,-99,12/19/2016,Mortality,1,0.0000000,0.0004000,0.0812000,0.081161897071600,0.000432614998017
162,0,OCC_MAI_00,2,POSP, ,115,OCC_MAI_002_02_12/19/2016_POSP_0115, ,-99,12/19/2016,Mortality,1,0.0000000,0.0009000,0.1194000,0.119421420504000,0.000949620010791
163,0,OCC_MAI_00,2,POSP, ,116,OCC_MAI_002_02_12/19/2016_POSP_0116, ,149,12/19/2016,Fusion,1,0.0000000,0.0007000,0.1001000,0.100181807153000,0.000713395015586
164,0,OCC_MAI_00,2,POSP, ,118,OCC_MAI_002_02_12/19/2016_POSP_0118, ,"159,160",12/19/2016,Fission,1,0.0000000,0.0008000,0.1108000,0.110851804761000,0.000757719996216
165,0,OCC_MAI_00,2,POSP, ,119,OCC_MAI_002_02_12/19/2016_POSP_0119, ,177,12/19/2016, ,1,0.0000000,0.0007000,0.1043000,0.104196464150000,0.000665684993975
166,0,OCC_MAI_00,2,POSP, ,120,OCC_MAI_002_02_12/19/2016_POSP_0120, ,-99,12/19/2016,Mortality,1,0.0000000,0.0012000,0.1469000,0.146895408454000,0.001154564993990
167,0,OCC_MAI_00,2,POSP, ,121,OCC_MAI_002_02_12/19/2016_POSP_0121, ,154,12/19/2016, ,1,0.0000000,0.0016000,0.1515000,0.151474896268000,0.001586115025150
168,0,OCC_MAI_00,2,POSP, ,122,OCC_MAI_002_02_12/19/2016_POSP_0122, ,147,12/19/2016, ,1,0.0000000,0.0006000,0.0998000,0.099756282131800,0.000625060003568
169,0,OCC_MAI_00,2,POSP, ,123,OCC_MAI_002_02_12/19/2016_POSP_0123, ,148,12/19/2016, ,1,0.0000000,0.0003000,0.0786000,0.078508369278400,0.000338274987448
170,0,OCC_MAI_00,2,POSP, ,124,OCC_MAI_002_02_12/19/2016_POSP_0124, ,-99,12/19/2016,Mortality,1,0.0000000,0.0014000,0.1632000,0.163043688626000,0.001439605023580
171,0,OCC_MAI_00,2,POSP, ,125,OCC_MAI_002_02_12/19/2016_POSP_0125, ,146,12/19/2016, ,1,0.0000000,0.0006000,0.0920000,0.092041663148900,0.000572020032197
172,0,OCC_MAI_00,2,POSP, ,126,OCC_MAI_002_02_12/19/2016_POSP_0126, ,158,12/19/2016, ,1,0.0000000,0.0012000,0.1323000,0.132404166560000,0.001175550007910
173,0,OCC_MAI_00,2,PMEA, ,127,OCC_MAI_002_02_12/19/2016_PMEA_0127, ,52,12/19/2016, ,1,0.0000000,0.0008000,0.1077000,0.107711271378000,0.000845170005560
174,0,OCC_MAI_00,2,POSP, ,128,OCC_MAI_002_02_12/19/2016_POSP_0128, ,156,12/19/2016, ,1,0.0000000,0.0026000,0.2855000,0.285505235227000,0.002576299929550
175,0,OCC_MAI_00,0,POSP, ,178,OCC_MAI_002_00_12/19/2016_POSP_0178, ,149,12/19/2016,Fusion,1,0.0000000,0.0003000,0.0629000,0.062721502184800,0.000259415020865
176,0,OCC_MAI_00,0,POSP, ,179,OCC_MAI_002_00_12/19/2016_POSP_0179, ,149,12/19/2016,Fusion,1,0.0000000,0.0001000,0.0390000,0.038882445569700,0.000090115003176
177,0,OCC_MAI_00,0,POSP, ,180,OCC_MAI_002_00_12/19/2016_POSP_0180, ,175,12/19/2016, ,1,0.0000000,0.0031000,0.2414000,0.241478937980000,0.003126005003340