FID,Id,Site,Circrat,Date,Spec_Code,ColonyID,PatchID,PatchName,Poly_Area,Poly_Perim,LinkTP_Bac,LinkTP_For,Notes,TimePt,Shape_Leng,Shape_Area
0,0,OAH22,1,08/01/2016,PMEA, ,1,OAH22_01_08/01/2016_PMEA_0001,0.009927927003770,0.398227473072000, ,39, ,1,0.398167268563000,0.009925689943310
1,0,OAH22,1,08/01/2016,PLIC, ,2,OAH22_01_08/01/2016_PLIC_0002,0.019648057823100,0.728015759773000, ,"40,47", ,1,0.727942455122000,0.019642474942900
2,0,OAH22,1,08/01/2016,PMEA, ,4,OAH22_01_08/01/2016_PMEA_0004,0.034298380419900,0.996472644816000, ,49, ,1,0.996829042908000,0.034298179931400
3,0,OAH22,1,08/01/2016,PMEA, ,5,OAH22_01_08/01/2016_PMEA_0005,0.016303578258900,0.537341937014000, ,51, ,1,0.537051801241000,0.016302694968200
4,0,OAH22,1,08/01/2016,MFLA, ,6,OAH22_01_08/01/2016_MFLA_0006,0.002373215769190,0.256454203976000, ,"53,57",Fission,1,0.256491283388000,0.002371414979020
5,0,OAH22,1,08/01/2016,MOSP, ,7,OAH22_01_08/01/2016_MOSP_0007,0.005948763282450,0.418322756386000, ,54,Fusion?,1,0.418230343898000,0.005944595054780
6,0,OAH22,1,08/01/2016,MOSP, ,8,OAH22_01_08/01/2016_MOSP_0008,0.003265510913880,0.252810737256000, ,56,Fusion,1,0.253023330533000,0.003266444988510
7,0,OAH22,1,08/01/2016,MOSP, ,9,OAH22_01_08/01/2016_MOSP_0009,0.005125211410490,0.445217966364000, ,56,Fusion,1,0.445251437022000,0.005123115000440
8,0,OAH22,1,08/01/2016,MOSP, ,11,OAH22_01_08/01/2016_MOSP_0011,0.004031336501290,0.300228592650000, ,54,Fusion?,1,0.300372050529000,0.004031345008340
9,0,OAH22,1,08/01/2016,PLIC, ,13,OAH22_01_08/01/2016_PLIC_0013,0.004149547086630,0.302776982418000, ,"43,44",Fission,1,0.302729956704000,0.004150359983130
10,0,OAH22,1,08/01/2016,PLIC, ,14,OAH22_01_08/01/2016_PLIC_0014,0.000847251181624,0.122104751142000, ,45,Fusion,1,0.122089735197000,0.000847585012815
11,0,OAH22,1,08/01/2016,PLIC, ,15,OAH22_01_08/01/2016_PLIC_0015,0.000328941528508,0.075309238037300, ,45,Fusion,1,0.075206001068900,0.000328855001990
12,0,OAH22,1,08/01/2016,PLUT, ,16,OAH22_01_08/01/2016_PLUT_0016,0.000896864162119,0.110362861650000, ,62,Fusion,1,0.110513519446000,0.000899554985912
13,0,OAH22,1,08/01/2016,PLIC, ,17,OAH22_01_08/01/2016_PLIC_0017,0.002552872153450,0.216511565201000, ,-99,Mortality maybe,1,0.216406324845000,0.002550934971630
14,0,OAH22,1,08/01/2016,PLUT, ,18,OAH22_01_08/01/2016_PLUT_0018,0.005265794882030,0.272967835782000, ,59, ,1,0.272925011894000,0.005265779986710
15,0,OAH22,1,08/01/2016,PLUT, ,19,OAH22_01_08/01/2016_PLUT_0019,0.375650880900000,4.391511005020000, ,62,Fusion,1,4.391540562660000,0.375666309995000
16,0,OAH22,1,08/01/2016,PLUT, ,20,OAH22_01_08/01/2016_PLUT_0020,0.051535678998100,1.714790056040000, ,61,Partial mortality,1,1.714707768900000,0.051531050075400
17,0,OAH22,1,08/01/2016,MOSP, ,21,OAH22_01_08/01/2016_MOSP_0021,0.009054073365050,0.535233727445000, ,"76,77",Fission,1,0.535250747861000,0.009054649960220
18,0,OAH22,1,08/01/2016,MOSP, ,22,OAH22_01_08/01/2016_MOSP_0022,0.017480699070800,0.621964518343000, ,56,Fusion,1,0.621729656510000,0.017479050013200
19,0,OAH22,1,08/01/2016,PLUT, ,23,OAH22_01_08/01/2016_PLUT_0023,0.008202334137680,0.451396632956000, ,42, ,1,0.451694891882000,0.008202139956730
20,0,OAH22,1,08/01/2016,PLUT, ,24,OAH22_01_08/01/2016_PLUT_0024,0.006089569802210,0.386343348185000, ,42, ,1,0.386352479675000,0.006089584980250
21,0,OAH22,1,08/01/2016,PLUT, ,25,OAH22_01_08/01/2016_PLUT_0025,0.001567516863930,0.185440944525000, ,-99,Mortality,1,0.185383468075000,0.001566334970210
22,0,OAH22,2,08/01/2016,PMEA, ,26,OAH22_02_08/01/2016_PMEA_0026,0.002485611020940,0.331125752901000, ,-99,Mortality,1,0.330938637790000,0.002490050002650
23,0,OAH22,2,08/01/2016,PMEA, ,27,OAH22_02_08/01/2016_PMEA_0027,0.000324582092156,0.070589948689800, ,-99,Mortality,1,0.070614493405800,0.000325075002213
24,0,OAH22,2,08/01/2016,PMEA, ,28,OAH22_02_08/01/2016_PMEA_0028,0.032582361958700,0.765463200914000, ,66, ,1,0.765504334747000,0.032580115007900
25,0,OAH22,2,08/01/2016,PMEA, ,29,OAH22_02_08/01/2016_PMEA_0029,0.008818381660550,0.389201638231000, ,64, ,1,0.389232080336000,0.008816504973540
26,0,OAH22,6,08/01/2016,PMEA, ,30,OAH22_06_08/01/2016_PMEA_0030,0.020928066323000,0.547623061936000, ,63, ,1,0.547566724765000,0.020927095027400
27,0,OAH22,6,08/01/2016,PMEA, ,31,OAH22_06_08/01/2016_PMEA_0031,0.023110497720500,0.609962653081000, ,65,Partial mortality,1,0.609986486948000,0.023115064978200
28,0,OAH22,3,08/01/2016,PMEA, ,32,OAH22_03_08/01/2016_PMEA_0032,0.012279982929600,0.462389341227000, ,69, ,1,0.462389554520000,0.012280279992900
29,0,OAH22,3,08/01/2016,PMEA, ,33,OAH22_03_08/01/2016_PMEA_0033,0.010604959074600,0.403397991659000, ,68, ,1,0.403406997817000,0.010604119964600
30,0,OAH22,3,08/01/2016,PMEA, ,34,OAH22_03_08/01/2016_PMEA_0034,0.024634353801300,0.721325446356000, ,72, ,1,0.721296329168000,0.024637329857400
31,0,OAH22,3,08/01/2016,PMEA, ,35,OAH22_03_08/01/2016_PMEA_0035,0.051338782483800,1.048601953230000, ,70, ,1,1.048550842340000,0.051346855082500
32,0,OAH22,5,08/01/2016,PMEA, ,36,OAH22_05_08/01/2016_PMEA_0036,0.026719465193700,0.701312909824000, ,71, ,1,0.701311001945000,0.026720784998700
33,0,OAH22,4,08/01/2016,PMEA, ,37,OAH22_04_08/01/2016_PMEA_0037,0.034603296398600,0.752653938382000, ,74, ,1,0.752784171923000,0.034605024975500
34,0,OAH22,4,08/01/2016,PMEA, ,38,OAH22_04_08/01/2016_PMEA_0038,0.013066223552000,0.462116953945000, ,75, ,1,0.461959443200000,0.013067910052200
35,0,OAH22,1,08/01/2016,MPAT, ,12,OAH22_01_08/01/2016_MPAT_0012,0.005064287238390,0.281690547043000, ,45,Fusion,1,0.281622178264000,0.005062559989130
36,0,OAH22,13,08/01/2016,PMEA, ,131,OAH22_13_08/01/2016_PMEA_0131,0.011246102049600,0.407572840606000, ,125, ,1,0.407556099817000,0.011248869916900
37,0,OAH22,15,08/01/2016,PMEA, ,133,OAH22_15_08/01/2016_PMEA_0133,0.001215109278100,0.137877587385000, ,-99,Mortality,1,0.137814838392000,0.001214265007270
38,0,OAH22,17,08/01/2016,PMEA, ,130,OAH22_17_08/01/2016_PMEA_0130,0.032466373635400,0.819165914318000, ,124, ,1,0.819259662042000,0.032464235044500
39,0,OAH22,16,08/01/2016,PMEA, ,127,OAH22_16_08/01/2016_PMEA_0127,0.026310063974600,0.677796062382000, ,122, ,1,0.677845054903000,0.026312119981000
40,0,OAH22,14,08/01/2016,PMEA, ,129,OAH22_14_08/01/2016_PMEA_0129,0.022337421575500,0.699836973102000, ,123, ,1,0.700087977991000,0.022337645005300
41,0,OAH22,16,08/01/2016,PMEA, ,128,OAH22_16_08/01/2016_PMEA_0128,0.010104118815600,0.423022936066000, ,121, ,1,0.423094204186000,0.010102694983300
42,0,OAH22,18,08/01/2016,PMEA, ,126,OAH22_18_08/01/2016_PMEA_0126,0.015464603354700,0.474732804991000, ,120, ,1,0.474607894469000,0.015462095061300
43,0,OAH22,4,08/01/2016,POSP, ,134,OAH22_04_08/01/2016_POSP_0134,0.023015132110400,0.891190476426000, ,"258,260",Fusion,1,0.891207919101000,0.023020534962700
44,0,OAH22,4,08/01/2016,POSP, ,135,OAH22_04_08/01/2016_POSP_0135,0.000836065176028,0.118694976949000, ,-99,Mortality,1,0.118545817304000,0.000836209995349
45,0,OAH22,4,08/01/2016,POSP, ,136,OAH22_04_08/01/2016_POSP_0136,0.001844894714070,0.166805635777000, ,-99,Mortality,1,0.166879153940000,0.001844954982870
46,0,OAH22,4,08/01/2016,POSP, ,137,OAH22_04_08/01/2016_POSP_0137,0.000305165800459,0.065803119264200, ,263,Fusion,1,0.065882688503500,0.000305825002189
47,0,OAH22,4,08/01/2016,POSP, ,138,OAH22_04_08/01/2016_POSP_0138,0.019189106331600,0.631987910439000, ,265, ,1,0.632086066007000,0.019191240100000
48,0,OAH22,4,08/01/2016,POSP, ,139,OAH22_04_08/01/2016_POSP_0139,0.001225353094810,0.168873709919000, ,268, ,1,0.168899001840000,0.001224655006670
49,0,OAH22,4,08/01/2016,POSP, ,140,OAH22_04_08/01/2016_POSP_0140,0.000232415355011,0.061582020468700, ,-99,Mortality,1,0.061582793016100,0.000232035011629
50,0,OAH22,4,08/01/2016,POSP, ,141,OAH22_04_08/01/2016_POSP_0141,0.007157663638200,0.396508878913000, ,"249,251",Fission,1,0.396628709599000,0.007156080034010
51,0,OAH22,4,08/01/2016,POSP, ,142,OAH22_04_08/01/2016_POSP_0142,0.021435166658000,0.926061520489000, ,"250,252,266",Fission,1,0.926072387274000,0.021437269966900
52,0,OAH22,4,08/01/2016,POSP, ,143,OAH22_04_08/01/2016_POSP_0143,0.000730218195460,0.100678736621000, ,248, ,1,0.100646727424000,0.000729510003397
53,0,OAH22,4,08/01/2016,POSP, ,144,OAH22_04_08/01/2016_POSP_0144,0.004049688405720,0.263840567350000, ,272,Fusion,1,0.263957908085000,0.004050890004850
54,0,OAH22,4,08/01/2016,POSP, ,145,OAH22_04_08/01/2016_POSP_0145,0.015976906170000,0.745386546753000, ,"269,270",Fission,1,0.745396707058000,0.015974854957600
55,0,OAH22,4,08/01/2016,POSP, ,146,OAH22_04_08/01/2016_POSP_0146,0.001941173250420,0.160091078564000, ,272,Fusion,1,0.160041133751000,0.001939300005950
56,0,OAH22,4,08/01/2016,POSP, ,147,OAH22_04_08/01/2016_POSP_0147,0.062107660865600,1.666865851150000, ,272,Fusion,1,1.667087251120000,0.062105905000700
57,0,OAH22,4,08/01/2016,POSP, ,148,OAH22_04_08/01/2016_POSP_0148,0.078091682168800,1.654699938030000, ,271, ,1,1.654736221900000,0.078090845122000
58,0,OAH22,4,08/01/2016,POSP, ,149,OAH22_04_08/01/2016_POSP_0149,0.072472284939200,1.765433262190000, ,"257,258,261","Fus 258, fis 254,257,258,261",1,1.765872540090000,0.072468905162900
59,0,OAH22,4,08/01/2016,POSP, ,150,OAH22_04_08/01/2016_POSP_0150,0.002769782197840,0.273428374379000, ,263,Fusion,1,0.273362057525000,0.002768684947880
60,0,OAH22,4,08/01/2016,POSP, ,151,OAH22_04_08/01/2016_POSP_0151,0.000773468942788,0.125503679314000, ,-99,Mortality,1,0.125470064484000,0.000772694994001
61,0,OAH22,4,08/01/2016,POSP, ,152,OAH22_04_08/01/2016_POSP_0152,0.011194234360800,0.558255067853000, ,253, ,1,0.558287265456000,0.011195040045700
62,0,OAH22,4,08/01/2016,POSP, ,153,OAH22_04_08/01/2016_POSP_0153,0.041694200750300,2.015936971390000, ,264, ,1,2.015528659290000,0.041691250038100
63,0,OAH22,2,08/01/2016,POSP, ,154,OAH22_02_08/01/2016_POSP_0154,0.001671657821920,0.161189414481000, ,205,Fusion,1,0.161088174170000,0.001669305015020
64,0,OAH22,2,08/01/2016,POSP, ,155,OAH22_02_08/01/2016_POSP_0155,0.002893819051540,0.218454043853000, ,207, ,1,0.218702972354000,0.002898900044300
65,0,OAH22,0,08/01/2016,POSP, ,156,OAH22_00_08/01/2016_POSP_0156,0.000548966170802,0.087903950246400, ,208,Fusion,1,0.087927367207400,0.000548794992173
66,0,OAH22,0,08/01/2016,POSP, ,157,OAH22_00_08/01/2016_POSP_0157,0.002134009615060,0.241184508573000, ,208,Fusion,1,0.240976678950000,0.002133639992110
67,0,OAH22,0,08/01/2016,POSP, ,158,OAH22_00_08/01/2016_POSP_0158,0.000684679149867,0.101299163577000, ,208,Fusion,1,0.101250581624000,0.000683095000670
68,0,OAH22,2,08/01/2016,POSP, ,159,OAH22_02_08/01/2016_POSP_0159,0.001366245126580,0.166408104237000, ,226,Fusion with 177,1,0.166502809016000,0.001366919999090
69,0,OAH22,2,08/01/2016,POSP, ,160,OAH22_02_08/01/2016_POSP_0160,0.097016384421900,2.041109247150000, ,205,Fusion,1,2.041044560810000,0.097018879906900
70,0,OAH22,2,08/01/2016,POSP, ,161,OAH22_02_08/01/2016_POSP_0161,0.064156416325700,1.735511549200000, ,205,Fusion,1,1.735434435150000,0.064152044980800
71,0,OAH22,6,08/01/2016,POSP, ,162,OAH22_06_08/01/2016_POSP_0162,0.001732157585920,0.158826659487000, ,217, ,1,0.158739867195000,0.001730940000630
72,0,OAH22,6,08/01/2016,POSP, ,163,OAH22_06_08/01/2016_POSP_0163,0.002611679843540,0.205766711686000, ,-99,Mortality,1,0.205706726565000,0.002610449993510
73,0,OAH22,2,08/01/2016,POSP, ,164,OAH22_02_08/01/2016_POSP_0164,0.001743797651500,0.167204757113000, ,227,Fusion,1,0.167202096071000,0.001743630015910
74,0,OAH22,6,08/01/2016,POSP, ,165,OAH22_06_08/01/2016_POSP_0165,0.000306016698851,0.065192653588400, ,221, ,1,0.065271770846800,0.000306624984663
75,0,OAH22,6,08/01/2016,POSP, ,166,OAH22_06_08/01/2016_POSP_0166,0.000578378210772,0.091191753429300, ,225,Fusion,1,0.091315447480100,0.000578455006423
76,0,OAH22,6,08/01/2016,POSP, ,167,OAH22_06_08/01/2016_POSP_0167,0.000656961889453,0.094932225392600, ,225,Fusion,1,0.094938008966000,0.000657390003065
77,0,OAH22,6,08/01/2016,POSP, ,168,OAH22_06_08/01/2016_POSP_0168,0.001006888704400,0.124607762172000, ,230,Fusion,1,0.124480129760000,0.001007429992820
78,0,OAH22,6,08/01/2016,POSP, ,169,OAH22_06_08/01/2016_POSP_0169,0.000322778950236,0.074644946607600, ,230,Fusion,1,0.074683675457900,0.000323189988594
79,0,OAH22,6,08/01/2016,POSP, ,171,OAH22_06_08/01/2016_POSP_0171,0.000157837131293,0.055852632843000, ,230,Fusion,1,0.055881739924700,0.000158370000667
80,0,OAH22,6,08/01/2016,POSP, ,172,OAH22_06_08/01/2016_POSP_0172,0.000106100759452,0.045593848008500, ,230,Fusion,1,0.045665402900700,0.000106460008553
81,0,OAH22,2,08/01/2016,POSP, ,174,OAH22_02_08/01/2016_POSP_0174,0.012950909627400,0.550712628750000, ,"211,212",Fission,1,0.550596067192000,0.012954549996900
82,0,OAH22,2,08/01/2016,POSP, ,175,OAH22_02_08/01/2016_POSP_0175,0.000682740930188,0.128584243147000, ,346, ,1,0.128389304589000,0.000680069993019
83,0,OAH22,6,08/01/2016,POSP, ,176,OAH22_06_08/01/2016_POSP_0176,0.012974962941100,0.481925435893000, ,232, ,1,0.481871780210000,0.012976849988500
84,0,OAH22,2,08/01/2016,POSP, ,177,OAH22_02_08/01/2016_POSP_0177,0.084835297288700,2.037455277320000, ,"209,214,226","Fiss 209,214 in 2018",1,2.037605427940000,0.084827880117400
85,0,OAH22,6,08/01/2016,POSP, ,178,OAH22_06_08/01/2016_POSP_0178,0.006562866130620,0.360197612437000, ,229, ,1,0.360052974417000,0.006561665013170
86,0,OAH22,2,08/01/2016,POSP, ,179,OAH22_02_08/01/2016_POSP_0179,0.000836718323296,0.108261964992000, ,206, ,1,0.108254318157000,0.000837299993229
87,0,OAH22,6,08/01/2016,POSP, ,182,OAH22_06_08/01/2016_POSP_0182,0.003677887466930,0.259062242535000, ,220, ,1,0.259090085297000,0.003676195007580
88,0,OAH22,6,08/01/2016,POSP, ,183,OAH22_06_08/01/2016_POSP_0183,0.002828078206970,0.325155155367000, ,228,Fusion,1,0.325033432917000,0.002827939961560
89,0,OAH22,6,08/01/2016,POSP, ,184,OAH22_06_08/01/2016_POSP_0184,0.002289560262460,0.192430192793000, ,228,Fusion,1,0.192399243156000,0.002288200017090
90,0,OAH22,6,08/01/2016,POSP, ,185,OAH22_06_08/01/2016_POSP_0185,0.002980065141730,0.238015188675000, ,215, ,1,0.238128200328000,0.002979914994060
91,0,OAH22,6,08/01/2016,POSP, ,186,OAH22_06_08/01/2016_POSP_0186,0.012432274033300,0.484056122866000, ,219, ,1,0.484014609582000,0.012430909980900
92,0,OAH22,3,08/01/2016,POSP, ,188,OAH22_03_08/01/2016_POSP_0188,0.007731561853790,0.338050762767000, ,238, ,1,0.338223842271000,0.007732745007030
93,0,OAH22,3,08/01/2016,POSP, ,189,OAH22_03_08/01/2016_POSP_0189,0.007901204811990,0.515431718961000, ,239,Fusion,1,0.515374761296000,0.007902414954310
94,0,OAH22,3,08/01/2016,POSP, ,190,OAH22_03_08/01/2016_POSP_0190,0.010145436594900,0.463689860864000, ,234, ,1,0.463589057287000,0.010143564965600
95,0,OAH22,3,08/01/2016,POSP, ,191,OAH22_03_08/01/2016_POSP_0191,0.004571326794270,0.276012216830000, ,241, ,1,0.275940516405000,0.004570069972000
96,0,OAH22,3,08/01/2016,POSP, ,192,OAH22_03_08/01/2016_POSP_0192,0.039338776926900,1.000476579400000, ,246, ,1,1.000474686400000,0.039338894939000
97,0,OAH22,3,08/01/2016,POSP, ,193,OAH22_03_08/01/2016_POSP_0193,0.009835550485690,0.485032314206000, ,243, ,1,0.485433764488000,0.009834364985740
98,0,OAH22,3,08/01/2016,POSP, ,194,OAH22_03_08/01/2016_POSP_0194,0.007411784847980,0.383609276161000, ,236,Fusion,1,0.383785591630000,0.007413634918750
99,0,OAH22,3,08/01/2016,POSP, ,195,OAH22_03_08/01/2016_POSP_0195,0.005106917077070,0.329099870592000, ,236,Fusion,1,0.329305112272000,0.005106014997910
100,0,OAH22,3,08/01/2016,POSP, ,196,OAH22_03_08/01/2016_POSP_0196,0.006271162717100,0.355144909974000, ,242, ,1,0.355139697935000,0.006270224985860
101,0,OAH22,3,08/01/2016,POSP, ,197,OAH22_03_08/01/2016_POSP_0197,0.002684449591950,0.205638083732000, ,239,Fusion,1,0.205620254296000,0.002683215045150
102,0,OAH22,3,08/01/2016,POSP, ,198,OAH22_03_08/01/2016_POSP_0198,0.004558785916850,0.275737391782000, ,239,Fusion,1,0.275840921887000,0.004560829953380
103,0,OAH22,3,08/01/2016,PMEA, ,199,OAH22_03_08/01/2016_PMEA_0199,0.014497509637800,0.504822562096000, ,273, ,1,0.504580464313000,0.014498504961200
104,0,OAH22,3,08/01/2016,POSP, ,200,OAH22_03_08/01/2016_POSP_0200,0.001584554597100,0.154189422637000, ,245,Fusion,1,0.154187029773000,0.001583584982520
105,0,OAH22,3,08/01/2016,POSP, ,201,OAH22_03_08/01/2016_POSP_0201,0.004719349596530,0.281883707842000, ,244, ,1,0.281913621654000,0.004719055017260
106,0,OAH22,3,08/01/2016,POSP, ,202,OAH22_03_08/01/2016_POSP_0202,0.013298346445600,0.648922451486000, ,247, ,1,0.648685610552000,0.013298435081600
107,0,OAH22,3,08/01/2016,POSP, ,203,OAH22_03_08/01/2016_POSP_0203,0.000748039797246,0.101644132825000, ,240, ,1,0.101490838874000,0.000745499989538
108,0,OAH22,3,08/01/2016,POSP, ,204,OAH22_03_08/01/2016_POSP_0204,0.001398037643440,0.137839693275000, ,245,Fusion,1,0.137836839546000,0.001399405004260
109,0,OAH22,2,08/01/2016,POSP, ,348,OAH22_02_08/01/2016_POSP_0348,0.012104194685900,0.530865291848000, ,227,Fusion,1,0.530770572233000,0.012104744957300
110,0,OAH22,6,08/01/2016,POSP, ,349,OAH22_06_08/01/2016_POSP_0349,0.019210471930300,0.546963684780000, ,233, ,1,0.546941733292000,0.019212955119500
111,0,OAH22,8,08/01/2016,PMEA, ,350,OAH22_08_08/01/2016_PMEA_0350,0.015509596533100,0.488445212450000, ,73, ,1,0.488507249147000,0.015510049928100
112,0,OAH22,1,10/04/2018,PMEA, ,39,OAH22_01_10/04/2018_PMEA_0039,0.012083265202300,0.730573337262000,1,88, ,2,0.730743711051000,0.012082860088500
113,0,OAH22,1,10/04/2018,MPAT, ,40,OAH22_01_10/04/2018_MPAT_0040,0.005124124906260,0.357267457247000,2,91, ,2,0.357280060641000,0.005125929988970
114,0,OAH22,1,10/04/2018,MOSP, ,41,OAH22_01_10/04/2018_MOSP_0041,0.001103634040930,0.168947687713000,-99,82,Recruitment,2,0.168932663794000,0.001104520004950
115,0,OAH22,1,10/04/2018,PLUT, ,42,OAH22_01_10/04/2018_PLUT_0042,0.021180729282000,0.839031617886000,"23,24","95,96",Divided into two colonies in CO model,2,0.839079131958000,0.021181054959900
116,0,OAH22,1,10/04/2018,PLIC, ,43,OAH22_01_10/04/2018_PLIC_0043,0.000641182603062,0.108163403306000,13,80, ,2,0.108060413861000,0.000641399989032
117,0,OAH22,1,10/04/2018,PLIC, ,44,OAH22_01_10/04/2018_PLIC_0044,0.001923582650650,0.196555835811000,13,81, ,2,0.196593227821000,0.001923119963270
118,0,OAH22,1,10/04/2018,PLIC, ,45,OAH22_01_10/04/2018_PLIC_0045,0.014240111287700,0.669785632377000,"12,14,15",83, ,2,0.669935112853000,0.014240385046700
119,0,OAH22,1,10/04/2018,PLIC, ,47,OAH22_01_10/04/2018_PLIC_0047,0.017953613054300,0.782194415961000,2,94, ,2,0.782491387102000,0.017954089941400
120,0,OAH22,1,10/04/2018,PMEA, ,49,OAH22_01_10/04/2018_PMEA_0049,0.038051905394300,1.100693498800000,4,78, ,2,1.101043879600000,0.038054334980100
121,0,OAH22,1,10/04/2018,MFLA, ,50,OAH22_01_10/04/2018_MFLA_0050,0.000753883352210,0.149028814481000,-99,85,Recruitment,2,0.148929425056000,0.000752980030295
122,0,OAH22,1,10/04/2018,PMEA, ,51,OAH22_01_10/04/2018_PMEA_0051,0.023398822629300,0.788222530786000,5,79, ,2,0.788501793344000,0.023396434946200
123,0,OAH22,1,10/04/2018,MFLA, ,52,OAH22_01_10/04/2018_MFLA_0052,0.003170346630220,0.319253374567000,-99,87,Recruitment,2,0.319322284189000,0.003169924998660
124,0,OAH22,1,10/04/2018,MFLA, ,53,OAH22_01_10/04/2018_MFLA_0053,0.001794856304660,0.230387132461000,6,84, ,2,0.230452289146000,0.001795460001410
125,0,OAH22,1,10/04/2018,MOSP, ,56,OAH22_01_10/04/2018_MOSP_0056,0.031495240340200,1.077555000810000,"8,9,22",90, ,2,1.077252952530000,0.031496895074100
126,0,OAH22,1,10/04/2018,MFLA, ,57,OAH22_01_10/04/2018_MFLA_0057,0.000336781833850,0.074585621994300,6,89, ,2,0.074509108878200,0.000336619999916
127,0,OAH22,1,10/04/2018,PLUT, ,58,OAH22_01_10/04/2018_PLUT_0058,0.005115377506520,0.320151209574000,-99,97,Recruitment,2,0.319987686239000,0.005112460003440
128,0,OAH22,1,10/04/2018,PLUT, ,59,OAH22_01_10/04/2018_PLUT_0059,0.006092781447510,0.291310372895000,18,110, ,2,0.291323100177000,0.006091274949460
129,0,OAH22,1,10/04/2018,PLUT, ,60,OAH22_01_10/04/2018_PLUT_0060,0.001611786437300,0.158771173178000,-99,92,Recruitment,2,0.158637011685000,0.001608620021980
130,0,OAH22,1,10/04/2018,PLUT, ,61,OAH22_01_10/04/2018_PLUT_0061,0.018839643431200,0.573410467162000,20,111, ,2,0.573504446987000,0.018835329912200
131,0,OAH22,1,10/04/2018,PLUT, ,62,OAH22_01_10/04/2018_PLUT_0062,0.244214348887000,4.665567355900000,"19,16",112, ,2,4.665286301900000,0.244211794957000
132,0,OAH22,6,10/04/2018,PMEA, ,63,OAH22_06_10/04/2018_PMEA_0063,0.026559496305200,0.653452760256000,30,101, ,2,0.653535058931000,0.026567265016700
133,0,OAH22,2,10/04/2018,PMEA, ,64,OAH22_02_10/04/2018_PMEA_0064,0.013499147505300,0.487082382539000,29,100, ,2,0.487152258984000,0.013500285006900
134,0,OAH22,6,10/04/2018,PMEA, ,65,OAH22_06_10/04/2018_PMEA_0065,0.012375093568900,0.454175480969000,31,102, ,2,0.453960328522000,0.012372084987200
135,0,OAH22,2,10/04/2018,PMEA, ,66,OAH22_02_10/04/2018_PMEA_0066,0.037896278024200,0.912136656136000,28,99, ,2,0.912075051056000,0.037902915006600
136,0,OAH22,3,10/04/2018,PMEA, ,68,OAH22_03_10/04/2018_PMEA_0068,0.013500691232000,0.456736129082000,33,103, ,2,0.456779078158000,0.013502935042600
137,0,OAH22,3,10/04/2018,PMEA, ,69,OAH22_03_10/04/2018_PMEA_0069,0.023109278884000,0.614336928146000,32,104, ,2,0.614389769090000,0.023116150062500
138,0,OAH22,3,10/04/2018,PMEA, ,70,OAH22_03_10/04/2018_PMEA_0070,0.069485885114200,1.146179427900000,35,105, ,2,1.145756149070000,0.069482815100200
139,0,OAH22,5,10/04/2018,PMEA, ,71,OAH22_05_10/04/2018_PMEA_0071,0.035615574385100,0.778207137724000,36,NA,Hole in CO model,2,0.778325152711000,0.035615930066200
140,0,OAH22,3,10/04/2018,PMEA, ,72,OAH22_03_10/04/2018_PMEA_0072,0.017384198187700,0.678327193383000,34,106, ,2,0.678413625014000,0.017387619989300
141,0,OAH22,8,10/04/2018,PMEA, ,73,OAH22_08_10/04/2018_PMEA_0073,0.024410754564100,0.711590572632000,350,107, ,2,0.711500197485000,0.024408269944800
142,0,OAH22,4,10/04/2018,PMEA, ,74,OAH22_04_10/04/2018_PMEA_0074,0.029914021665900,0.807475570867000,37,108, ,2,0.807465418831000,0.029911719995600
143,0,OAH22,4,10/04/2018,PMEA, ,75,OAH22_04_10/04/2018_PMEA_0075,0.023834374826700,0.629821824519000,38,109, ,2,0.629616440416000,0.023832644985600
144,0,OAH22,1,10/04/2018,MOSP, ,76,OAH22_01_10/04/2018_MOSP_0076,0.004954957692710,0.394319454419000,21,113, ,2,0.394283468107000,0.004954500008230
145,0,OAH22,1,10/04/2018,MOSP, ,77,OAH22_01_10/04/2018_MOSP_0077,0.002554859387380,0.366188265853000,21,114, ,2,0.366042509454000,0.002553794963820
146,0,OAH22,18,10/04/2018,PMEA, ,120,OAH22_18_10/04/2018_PMEA_0120,0.005278348288080,0.414152890850000,126,NA,Hole in CO model,2,0.414300815937000,0.005278445000730
147,0,OAH22,17,10/04/2018,PMEA, ,124,OAH22_17_10/04/2018_PMEA_0124,0.020722542092000,0.717351511875000,130,NA,Hole in CO model,2,0.717272676416000,0.020721204934200
148,0,OAH22,16,10/04/2018,PMEA, ,121,OAH22_16_10/04/2018_PMEA_0121,0.011992684088000,0.484644953703000,128,117, ,2,0.484590421506000,0.011997724984000
149,0,OAH22,14,10/04/2018,PMEA, ,123,OAH22_14_10/04/2018_PMEA_0123,0.024352874946300,0.641306824352000,129,118, ,2,0.641148578764000,0.024355649978400
150,0,OAH22,16,10/04/2018,PMEA, ,122,OAH22_16_10/04/2018_PMEA_0122,0.026466786695600,0.776043500589000,127,116, ,2,0.776193271739000,0.026466839978900
151,0,OAH22,13,10/04/2018,PMEA, ,125,OAH22_13_10/04/2018_PMEA_0125,0.019061040568600,0.531121164294000,131,119, ,2,0.530975798105000,0.019064510054600
152,0,OAH22,2,10/04/2018,POSP, ,205,OAH22_02_10/04/2018_POSP_0205,0.230777092057000,3.624948844680000,"154,160,161",276, ,2,3.625075640200000,0.230782220050000
153,0,OAH22,2,10/04/2018,POSP, ,206,OAH22_02_10/04/2018_POSP_0206,0.003561940059720,0.228135093121000,179,274, ,2,0.228183480705000,0.003561524968900
154,0,OAH22,2,10/04/2018,POSP, ,207,OAH22_02_10/04/2018_POSP_0207,0.009869145428270,0.397026111855000,155,275, ,2,0.396974328694000,0.009873024999350
155,0,OAH22,2,10/04/2018,POSP, ,208,OAH22_02_10/04/2018_POSP_0208,0.010301620330200,0.617091768441000,"156,157,158",282, ,2,0.616930139127000,0.010300689983000
156,0,OAH22,2,10/04/2018,POSP, ,209,OAH22_02_10/04/2018_POSP_0209,0.000909908421195,0.111090735571000,177,285, ,2,0.111042979963000,0.000910069985997
157,0,OAH22,2,10/04/2018,POSP, ,211,OAH22_02_10/04/2018_POSP_0211,0.001400722002780,0.141330009874000,174,283, ,2,0.141346718924000,0.001400209971530
158,0,OAH22,2,10/04/2018,POSP, ,212,OAH22_02_10/04/2018_POSP_0212,0.002037581822290,0.167439431692000,174,281, ,2,0.167490804401000,0.002038444989710
159,0,OAH22,2,10/04/2018,POSP, ,213,OAH22_02_10/04/2018_POSP_0213,0.017710166806200,0.552350273852000,-99,284,Recruitment,2,0.552415614305000,0.017708194885000
160,0,OAH22,2,10/04/2018,POSP, ,214,OAH22_02_10/04/2018_POSP_0214,0.000923800911727,0.110380601332000,177,278, ,2,0.110462821686000,0.000925224996023
161,0,OAH22,6,10/04/2018,POSP, ,215,OAH22_06_10/04/2018_POSP_0215,0.012056123766400,0.461114195673000,185,300, ,2,0.460992099356000,0.012054920019100
162,0,OAH22,6,10/04/2018,POSP, ,216,OAH22_06_10/04/2018_POSP_0216,0.002073923448370,0.168354832828000,-99,286,Recruitment,2,0.168376177441000,0.002074044957280
163,0,OAH22,6,10/04/2018,POSP, ,217,OAH22_06_10/04/2018_POSP_0217,0.004384565353750,0.253191229293000,162,287, ,2,0.253210615852000,0.004385035009960
164,0,OAH22,6,10/04/2018,POSP, ,218,OAH22_06_10/04/2018_POSP_0218,0.000569417446508,0.100347690307000,-99,288,Recruitment,2,0.100229057406000,0.000569945004229
165,0,OAH22,6,10/04/2018,POSP, ,219,OAH22_06_10/04/2018_POSP_0219,0.022344057709800,0.625048565646000,186,291, ,2,0.625111399939000,0.022344320035100
166,0,OAH22,6,10/04/2018,POSP, ,220,OAH22_06_10/04/2018_POSP_0220,0.006965905611110,0.366796669138000,182,292, ,2,0.366802030500000,0.006963275056230
167,0,OAH22,6,10/04/2018,POSP, ,221,OAH22_06_10/04/2018_POSP_0221,0.000872913668458,0.110867774219000,165,296, ,2,0.110854466744000,0.000872935008366
168,0,OAH22,6,10/04/2018,POSP, ,222,OAH22_06_10/04/2018_POSP_0222,0.000207500638184,0.055056735323400,-99,293,Recruitment,2,0.055092281282700,0.000207654996577
169,0,OAH22,6,10/04/2018,POSP, ,223,OAH22_06_10/04/2018_POSP_0223,0.000129534922685,0.044121914635200,-99,301,Recruitment,2,0.044082227535500,0.000129304996270
170,0,OAH22,6,10/04/2018,POSP, ,224,OAH22_06_10/04/2018_POSP_0224,0.000036384900633,0.024895649944600,-99,294,Recruitment,2,0.025091626164300,0.000036959995502
171,0,OAH22,6,10/04/2018,POSP, ,225,OAH22_06_10/04/2018_POSP_0225,0.002462763647120,0.212160854114000,"166,167",297, ,2,0.212043135898000,0.002463734991750
172,0,OAH22,2,10/04/2018,POSP, ,226,OAH22_02_10/04/2018_POSP_0226,0.090170207282300,2.221742671530000,177,298, ,2,2.221949659390000,0.090179030011300
173,0,OAH22,2,10/04/2018,POSP, ,227,OAH22_02_10/04/2018_POSP_0227,0.020295884550500,0.882659371528000,"164,348",299, ,2,0.882743683904000,0.020295760062400
174,0,OAH22,6,10/04/2018,POSP, ,228,OAH22_06_10/04/2018_POSP_0228,0.013144882660700,0.477620108480000,"183,184",289, ,2,0.477515882715000,0.013146024947100
175,0,OAH22,6,10/04/2018,POSP, ,229,OAH22_06_10/04/2018_POSP_0229,0.010146780399600,0.639625871494000,178,290, ,2,0.639389619712000,0.010144890008100
176,0,OAH22,6,10/04/2018,POSP, ,230,OAH22_06_10/04/2018_POSP_0230,0.005084605230190,0.421867914428000,"168,169,171,172",295, ,2,0.421982921759000,0.005085370010360
177,0,OAH22,6,10/04/2018,POSP, ,231,OAH22_06_10/04/2018_POSP_0231,0.000648627766586,0.106948635978000,-99,303,Recruitment,2,0.107002561769000,0.000649354997023
178,0,OAH22,6,10/04/2018,POSP, ,232,OAH22_06_10/04/2018_POSP_0232,0.007522202248090,0.393592029660000,176,302, ,2,0.393958511458000,0.007519320014730
179,0,OAH22,6,10/04/2018,POSP, ,233,OAH22_06_10/04/2018_POSP_0233,0.036476111698200,0.769726743821000,349,304, ,2,0.769752235979000,0.036479700079300
180,0,OAH22,3,10/04/2018,POSP, ,234,OAH22_03_10/04/2018_POSP_0234,0.022804002006100,0.644010443773000,190,307, ,2,0.644019574100000,0.022810130000100
181,0,OAH22,3,10/04/2018,POSP, ,236,OAH22_03_10/04/2018_POSP_0236,0.011946639853900,0.645113632297000,"194,195",306, ,2,0.645312553974000,0.011948394958600
182,0,OAH22,3,10/04/2018,POSP, ,238,OAH22_03_10/04/2018_POSP_0238,0.015928679717600,0.540121535104000,188,305, ,2,0.540075504142000,0.015927494976700
183,0,OAH22,3,10/04/2018,POSP, ,239,OAH22_03_10/04/2018_POSP_0239,0.021931937792000,0.717277660687000,"189,197,198",313, ,2,0.717176786500000,0.021933280001600
184,0,OAH22,3,10/04/2018,POSP, ,240,OAH22_03_10/04/2018_POSP_0240,0.001009247334620,0.123634634803000,203,308, ,2,0.123660293346000,0.001009720001250
185,0,OAH22,3,10/04/2018,POSP, ,241,OAH22_03_10/04/2018_POSP_0241,0.014324758295800,0.501579322171000,191,310, ,2,0.501323097018000,0.014321970030100
186,0,OAH22,3,10/04/2018,POSP, ,242,OAH22_03_10/04/2018_POSP_0242,0.012436446659900,0.483221842667000,196,312, ,2,0.483123237489000,0.012437630011300
187,0,OAH22,3,10/04/2018,POSP, ,243,OAH22_03_10/04/2018_POSP_0243,0.010385305336900,0.426060142514000,193,309, ,2,0.426245937999000,0.010383399942400
188,0,OAH22,3,10/04/2018,POSP, ,244,OAH22_03_10/04/2018_POSP_0244,0.006242564536240,0.335975673534000,201,315, ,2,0.335869010250000,0.006239599993330
189,0,OAH22,3,10/04/2018,POSP, ,245,OAH22_03_10/04/2018_POSP_0245,0.001210600570410,0.148141843010000,"200,204",316, ,2,0.148099064722000,0.001209245011010
190,0,OAH22,3,10/04/2018,POSP, ,246,OAH22_03_10/04/2018_POSP_0246,0.032222787803900,0.811440515236000,192,318, ,2,0.811446380823000,0.032223730092200
191,0,OAH22,3,10/04/2018,POSP, ,247,OAH22_03_10/04/2018_POSP_0247,0.002913746804850,0.238935100769000,202,317, ,2,0.238851984819000,0.002910715002570
192,0,OAH22,4,10/04/2018,POSP, ,248,OAH22_04_10/04/2018_POSP_0248,0.001468311915190,0.148119502718000,143,332, ,2,0.148171489889000,0.001467749998280
193,0,OAH22,4,10/04/2018,POSP, ,249,OAH22_04_10/04/2018_POSP_0249,0.001579895374410,0.157874543780000,141,338, ,2,0.157966027237000,0.001579519977430
194,0,OAH22,4,10/04/2018,POSP, ,250,OAH22_04_10/04/2018_POSP_0250,0.013222517398800,0.479748036739000,142,337, ,2,0.479775573414000,0.013220870000000
195,0,OAH22,4,10/04/2018,POSP, ,251,OAH22_04_10/04/2018_POSP_0251,0.008003864382100,0.529982785158000,141,322, ,2,0.529982471893000,0.008002140040040
196,0,OAH22,4,10/04/2018,POSP, ,252,OAH22_04_10/04/2018_POSP_0252,0.005382715856950,0.305011223310000,142,325, ,2,0.305096196200000,0.005385154975650
197,0,OAH22,4,10/04/2018,POSP, ,253,OAH22_04_10/04/2018_POSP_0253,0.015936284109200,0.760458224039000,152,323, ,2,0.760685667376000,0.015936985029900
198,0,OAH22,4,10/04/2018,POSP, ,254,OAH22_04_10/04/2018_POSP_0254,0.000753356590133,0.116401631847000,149,328, ,2,0.116433025825000,0.000754765017758
199,0,OAH22,4,10/04/2018,POSP, ,255,OAH22_04_10/04/2018_POSP_0255,0.000696180756040,0.106935305101000,-99,339,Recruitment,2,0.106740534843000,0.000695120012901
200,0,OAH22,4,10/04/2018,POSP, ,256,OAH22_04_10/04/2018_POSP_0256,0.000227767766330,0.063264268755800,149,333, ,2,0.063325753368100,0.000228125004936
201,0,OAH22,4,10/04/2018,POSP, ,257,OAH22_04_10/04/2018_POSP_0257,0.001124342297040,0.129736070421000,149,331, ,2,0.129683197262000,0.001122595000160
202,0,OAH22,4,10/04/2018,POSP, ,258,OAH22_04_10/04/2018_POSP_0258,0.090344954922900,2.779277965900000,"134,149",334, ,2,2.779643249670000,0.090346244989700
203,0,OAH22,4,10/04/2018,POSP, ,259,OAH22_04_10/04/2018_POSP_0259,0.000471464866845,0.081050406369600,-99,324,Recruitment,2,0.080990429993000,0.000471185007467
204,0,OAH22,4,10/04/2018,POSP, ,260,OAH22_04_10/04/2018_POSP_0260,0.000540709589767,0.092989339010400,"134,149",330, ,2,0.093139136994000,0.000542589997701
205,0,OAH22,4,10/04/2018,POSP, ,261,OAH22_04_10/04/2018_POSP_0261,0.000968984283398,0.124878611088000,149,327, ,2,0.124995023949000,0.000968379996694
206,0,OAH22,4,10/04/2018,POSP, ,262,OAH22_04_10/04/2018_POSP_0262,0.000942104736879,0.138975187171000,-99,319,Recruitment,2,0.139009492224000,0.000941674979063
207,0,OAH22,4,10/04/2018,POSP, ,263,OAH22_04_10/04/2018_POSP_0263,0.001556351909870,0.153321070225000,"137,150",336, ,2,0.153426271482000,0.001558380019490
208,0,OAH22,4,10/04/2018,POSP, ,264,OAH22_04_10/04/2018_POSP_0264,0.037778796852700,1.992715306980000,153,329, ,2,1.992880994480000,0.037773440185200
209,0,OAH22,4,10/04/2018,POSP, ,265,OAH22_04_10/04/2018_POSP_0265,0.029685530667400,0.813382584624000,138,320, ,2,0.813293286227000,0.029681445030400
210,0,OAH22,4,10/04/2018,POSP, ,266,OAH22_04_10/04/2018_POSP_0266,0.015227933564400,0.546051857164000,142,326, ,2,0.546076937622000,0.015226219988500
211,0,OAH22,4,10/04/2018,POSP, ,267,OAH22_04_10/04/2018_POSP_0267,0.000978623160003,0.176295059854000,-99,335,Recruitment,2,0.176363143638000,0.000978439993388
212,0,OAH22,4,10/04/2018,POSP, ,268,OAH22_04_10/04/2018_POSP_0268,0.000445762660092,0.098886537380300,139,340, ,2,0.098952316861800,0.000445814990144
213,0,OAH22,4,10/04/2018,POSP, ,269,OAH22_04_10/04/2018_POSP_0269,0.008273032247380,0.380996650092000,145,343, ,2,0.381048252835000,0.008270249994580
214,0,OAH22,4,10/04/2018,POSP, ,270,OAH22_04_10/04/2018_POSP_0270,0.022111736481300,0.729438234699000,145,344, ,2,0.729371545982000,0.022117215033600
215,0,OAH22,4,10/04/2018,POSP, ,271,OAH22_04_10/04/2018_POSP_0271,0.081367024903000,2.294648630470000,148,342, ,2,2.294862995550000,0.081364384975000
216,0,OAH22,4,10/04/2018,POSP, ,272,OAH22_04_10/04/2018_POSP_0272,0.052930159081600,1.077065152780000,"144,146,147",341, ,2,1.077034301040000,0.052925389925500
217,0,OAH22,3,10/04/2018,PMEA, ,273,OAH22_03_10/04/2018_PMEA_0273,0.021134154499000,0.637767767649000,199,345, ,2,0.637985979348000,0.021135989998400
218,0,OAH22,2,10/04/2018,POSP, ,346,OAH22_02_10/04/2018_POSP_0346,0.000516393490615,0.110630591921000,175,279, ,2,0.110606983935000,0.000516775021611
219,0,OAH22,2,10/04/2018,POSP, ,347,OAH22_02_10/04/2018_POSP_0347,0.000078050315635,0.033376214727800,-99,280,Recruitment,2,0.033302892835200,0.000077615006901
220,0,OAH22,1,10/04/2018,MOSP, ,54,OAH22_01_10/04/2018_MOSP_0054,0.016430754832500,0.787526620188000,"7,11",86, ,2,0.787249601293000,0.016423615016300
221,0,OAH22,1,10/04/2018,PMEA, ,78,OAH22_01_10/04/2018_PMEA_0078,0.038074435937300,0.907440075741000,49, , ,3,0.907438002828000,0.038077250121900
222,0,OAH22,1,10/04/2018,PMEA, ,79,OAH22_01_10/04/2018_PMEA_0079,0.024369279129700,0.661075497939000,51, , ,3,0.660848437723000,0.024365060010100
223,0,OAH22,1,10/04/2018,PLIC, ,80,OAH22_01_10/04/2018_PLIC_0080,0.000624557078756,0.109537363656000,43, , ,3,0.109564552425000,0.000625149974484
224,0,OAH22,1,10/04/2018,PLIC, ,81,OAH22_01_10/04/2018_PLIC_0081,0.001956827081420,0.192580361415000,44, , ,3,0.192543461803000,0.001957350021410
225,0,OAH22,1,10/04/2018,MOSP, ,82,OAH22_01_10/04/2018_MOSP_0082,0.001151295769500,0.156291461743000,41, , ,3,0.156438006061000,0.001152295022100
226,0,OAH22,1,10/04/2018,PLIC, ,83,OAH22_01_10/04/2018_PLIC_0083,0.014548581764000,0.642232900041000,45, , ,3,0.642586006400000,0.014548924909500
227,0,OAH22,1,10/04/2018,MFLA, ,84,OAH22_01_10/04/2018_MFLA_0084,0.002041461704350,0.230279272971000,53, , ,3,0.230278723404000,0.002039550001790
228,0,OAH22,1,10/04/2018,MFLA, ,85,OAH22_01_10/04/2018_MFLA_0085,0.001024547822250,0.171126847749000,50, , ,3,0.171073987270000,0.001024239968680
229,0,OAH22,1,10/04/2018,MFLA, ,87,OAH22_01_10/04/2018_MFLA_0087,0.003446178951440,0.337938993336000,52, , ,3,0.337841381719000,0.003446464990400
230,0,OAH22,1,10/04/2018,PMEA, ,88,OAH22_01_10/04/2018_PMEA_0088,0.012318856557200,0.744880640551000,39, , ,3,0.744961617011000,0.012317670020900
231,0,OAH22,1,10/04/2018,MFLA, ,89,OAH22_01_10/04/2018_MFLA_0089,0.000332523822847,0.077362378886800,57, , ,3,0.077428905986000,0.000332119992388
232,0,OAH22,1,10/04/2018,MOSP, ,90,OAH22_01_10/04/2018_MOSP_0090,0.031479703063700,0.975773516419000,56, , ,3,0.976103945632000,0.031481145072900
233,0,OAH22,1,10/04/2018,MPAT, ,91,OAH22_01_10/04/2018_MPAT_0091,0.005115424839300,0.360462944094000,40, , ,3,0.360704010175000,0.005116659964820
234,0,OAH22,1,10/04/2018,PLUT, ,92,OAH22_01_10/04/2018_PLUT_0092,0.001622247758530,0.165124496360000,60, , ,3,0.165171080838000,0.001622820039160
235,0,OAH22,1,10/04/2018,PLIC, ,94,OAH22_01_10/04/2018_PLIC_0094,0.018968872018000,0.775888419745000,47, , ,3,0.775605779003000,0.018968549969800
236,0,OAH22,1,10/04/2018,PLUT, ,95,OAH22_01_10/04/2018_PLUT_0095,0.020469032491100,0.811607270409000,42, , ,3,0.811559825119000,0.020467330074600
237,0,OAH22,1,10/04/2018,PLUT, ,96,OAH22_01_10/04/2018_PLUT_0096,0.000394903073993,0.077986927913600,42, , ,3,0.077904059665700,0.000393749995716
238,0,OAH22,1,10/04/2018,PLUT, ,97,OAH22_01_10/04/2018_PLUT_0097,0.005665104563580,0.304855098355000,58, , ,3,0.304690610692000,0.005664555023100
239,0,OAH22,2,10/04/2018, PMEA, ,99,OAH22_02_10/04/2018_ PMEA_0099,0.039859504596200,0.873533817685000,66, , ,3,0.873445062567000,0.039859075059700
240,0,OAH22,2,10/04/2018, PMEA, ,100,OAH22_02_10/04/2018_ PMEA_0100,0.014073056031800,0.465834358264000,64, , ,3,0.465808852509000,0.014075194957100
241,0,OAH22,6,10/04/2018, PMEA, ,101,OAH22_06_10/04/2018_ PMEA_0101,0.027526621587700,0.700483198484000,63, , ,3,0.700441520201000,0.027523659980600
242,0,OAH22,6,10/04/2018, PMEA, ,102,OAH22_06_10/04/2018_ PMEA_0102,0.011822525146600,0.433464220125000,65, , ,3,0.433617404738000,0.011822735059800
243,0,OAH22,3,10/04/2018, PMEA, ,103,OAH22_03_10/04/2018_ PMEA_0103,0.014470760298800,0.468157277566000,68, , ,3,0.468439991596000,0.014470635020800
244,0,OAH22,3,10/04/2018, PMEA, ,104,OAH22_03_10/04/2018_ PMEA_0104,0.024645266593400,0.607597740962000,69, , ,3,0.607603386446000,0.024643530047900
245,0,OAH22,3,10/04/2018, PMEA, ,105,OAH22_03_10/04/2018_ PMEA_0105,0.066951025475600,1.173486193320000,70, , ,3,1.173392573440000,0.066948164971200
246,0,OAH22,3,10/04/2018, PMEA, ,106,OAH22_03_10/04/2018_ PMEA_0106,0.014268369828000,0.569175647858000,72, , ,3,0.569174789600000,0.014271024989600
247,0,OAH22,8,10/04/2018, PMEA, ,107,OAH22_08_10/04/2018_ PMEA_0107,0.025623657163200,0.636583048267000,73, , ,3,0.636584473057000,0.025624884970500
248,0,OAH22,4,10/04/2018, PMEA, ,108,OAH22_04_10/04/2018_ PMEA_0108,0.031268940659600,0.823181479889000,74, , ,3,0.823350907364000,0.031273230050400
249,0,OAH22,4,10/04/2018, PMEA, ,109,OAH22_04_10/04/2018_ PMEA_0109,0.023912554103100,0.640226611148000,75, , ,3,0.640322025772000,0.023912185080900
250,0,OAH22,1,10/04/2018,PLUT, ,110,OAH22_01_10/04/2018_PLUT_0110,0.006006169762300,0.291768356723000,59, , ,3,0.291816054130000,0.006007754969600
251,0,OAH22,1,10/04/2018,PLUT, ,111,OAH22_01_10/04/2018_PLUT_0111,0.020784053778800,0.639896822108000,61, , ,3,0.639776593843000,0.020778094994000
252,0,OAH22,1,10/04/2018,PLUT, ,112,OAH22_01_10/04/2018_PLUT_0112,0.221314105981000,3.692266281020000,62, , ,3,3.692209511860000,0.221312264955000
253,0,OAH22,1,10/04/2018,MOSP, ,113,OAH22_01_10/04/2018_MOSP_0113,0.004853790471800,0.390380456010000,76, , ,3,0.390275817629000,0.004856184985930
254,0,OAH22,1,10/04/2018,MOSP, ,114,OAH22_01_10/04/2018_MOSP_0114,0.002501675633510,0.317683842087000,77, , ,3,0.317684439989000,0.002502289996880
255,0,OAH22,16,10/04/2018,PMEA, ,116,OAH22_16_10/04/2018_PMEA_0116,0.027658228105600,0.781986374658000,122, , ,3,0.782035990638000,0.027655815024200
256,0,OAH22,14,10/04/2018,PMEA, ,118,OAH22_14_10/04/2018_PMEA_0118,0.024436761307000,0.630356320661000,123, , ,3,0.630271592975000,0.024432789913700
257,0,OAH22,16,10/04/2018,PMEA, ,117,OAH22_16_10/04/2018_PMEA_0117,0.012012057828000,0.479869183665000,121, , ,3,0.479880260482000,0.012012085000000
258,0,OAH22,13,10/04/2018,PMEA, ,119,OAH22_13_10/04/2018_PMEA_0119,0.013584674518300,0.451404941827000,125, , ,3,0.451418979912000,0.013585240030600
259,0,OAH22,2,10/04/2018,POSP, ,274,OAH22_02_10/04/2018_POSP_0274,0.003816260045890,0.231719990140000,206, , ,3,0.231624171496000,0.003813455018270
260,0,OAH22,2,10/04/2018,POSP, ,275,OAH22_02_10/04/2018_POSP_0275,0.009674314637220,0.398503094844000,207, , ,3,0.398373405931000,0.009673070038410
261,0,OAH22,2,10/04/2018,POSP, ,276,OAH22_02_10/04/2018_POSP_0276,0.231826775885000,3.476108942340000,205, , ,3,3.476129976010000,0.231821810000000
262,0,OAH22,2,10/04/2018,POSP, ,278,OAH22_02_10/04/2018_POSP_0278,0.000926384977414,0.111998492532000,214, , ,3,0.111963995181000,0.000925695014263
263,0,OAH22,2,10/04/2018,POSP, ,279,OAH22_02_10/04/2018_POSP_0279,0.000551009473467,0.113019014941000,346, , ,3,0.113241057368000,0.000551049999879
264,0,OAH22,2,10/04/2018,POSP, ,280,OAH22_02_10/04/2018_POSP_0280,0.000083232435705,0.034867843676500,347, , ,3,0.034893701576800,0.000083460004739
265,0,OAH22,2,10/04/2018,POSP, ,281,OAH22_02_10/04/2018_POSP_0281,0.001785229459430,0.161258508480000,212, , ,3,0.161377098033000,0.001785635029760
266,0,OAH22,2,10/04/2018,POSP, ,282,OAH22_02_10/04/2018_POSP_0282,0.010432325545400,0.606400359956000,208, , ,3,0.606386633119000,0.010432990003900
267,0,OAH22,2,10/04/2018,POSP, ,283,OAH22_02_10/04/2018_POSP_0283,0.001394678092230,0.150088660826000,211, , ,3,0.150232389677000,0.001396824998960
268,0,OAH22,2,10/04/2018,POSP, ,284,OAH22_02_10/04/2018_POSP_0284,0.017862582578300,0.561664563634000,213, , ,3,0.561428201392000,0.017865159953400
269,0,OAH22,2,10/04/2018,POSP, ,285,OAH22_02_10/04/2018_POSP_0285,0.000715996918054,0.100128357272000,209, , ,3,0.100058771290000,0.000715525009048
270,0,OAH22,6,10/04/2018,POSP, ,286,OAH22_06_10/04/2018_POSP_0286,0.001451248403430,0.144470414194000,216, , ,3,0.144496800545000,0.001451950002780
271,0,OAH22,6,10/04/2018,POSP, ,287,OAH22_06_10/04/2018_POSP_0287,0.004061763251090,0.243681763755000,217, , ,3,0.243618124053000,0.004061029974730
272,0,OAH22,6,10/04/2018,POSP, ,288,OAH22_06_10/04/2018_POSP_0288,0.000404892226960,0.077140175295900,218, , ,3,0.077118743472300,0.000404670030281
273,0,OAH22,6,10/04/2018,POSP, ,289,OAH22_06_10/04/2018_POSP_0289,0.012723459485700,0.519240572621000,228, , ,3,0.519361144521000,0.012719530005800
274,0,OAH22,6,10/04/2018,POSP, ,290,OAH22_06_10/04/2018_POSP_0290,0.010275858469000,0.641791743432000,229, , ,3,0.641582420258000,0.010276994940800
275,0,OAH22,6,10/04/2018,POSP, ,291,OAH22_06_10/04/2018_POSP_0291,0.022262648161100,0.594279405075000,219, , ,3,0.594459022429000,0.022262999983700
276,0,OAH22,6,10/04/2018,POSP, ,292,OAH22_06_10/04/2018_POSP_0292,0.007061785059610,0.365534429025000,220, , ,3,0.365448936598000,0.007059520033730
277,0,OAH22,6,10/04/2018,POSP, ,293,OAH22_06_10/04/2018_POSP_0293,0.000199408177676,0.055353672052800,222, , ,3,0.055404119999300,0.000199710002289
278,0,OAH22,6,10/04/2018,POSP, ,294,OAH22_06_10/04/2018_POSP_0294,0.000060353512222,0.033252262573600,224, , ,3,0.033263484973400,0.000060684998064
279,0,OAH22,6,10/04/2018,POSP, ,295,OAH22_06_10/04/2018_POSP_0295,0.004652641813880,0.405834729929000,230, , ,3,0.405718732769000,0.004649165053360
280,0,OAH22,6,10/04/2018,POSP, ,296,OAH22_06_10/04/2018_POSP_0296,0.000887325758586,0.111313691814000,221, , ,3,0.111266273520000,0.000886010020988
281,0,OAH22,6,10/04/2018,POSP, ,297,OAH22_06_10/04/2018_POSP_0297,0.002227770916550,0.204191560167000,225, , ,3,0.204162593938000,0.002227350000170
282,0,OAH22,2,10/04/2018,POSP, ,298,OAH22_02_10/04/2018_POSP_0298,0.088187889523900,2.320361326160000,226, , ,3,2.320602641550000,0.088188489967300
283,0,OAH22,2,10/04/2018,POSP, ,299,OAH22_02_10/04/2018_POSP_0299,0.020684720297300,0.896950947801000,227, , ,3,0.897004498413000,0.020680540021400
284,0,OAH22,6,10/04/2018,POSP, ,300,OAH22_06_10/04/2018_POSP_0300,0.011970632516900,0.453476747188000,215, , ,3,0.453639630035000,0.011972349937900
285,0,OAH22,6,10/04/2018,POSP, ,301,OAH22_06_10/04/2018_POSP_0301,0.000214460902055,0.053713682810300,223, , ,3,0.053692195732000,0.000214425007523
286,0,OAH22,6,10/04/2018,POSP, ,302,OAH22_06_10/04/2018_POSP_0302,0.008304893074740,0.394784694896000,232, , ,3,0.394968106047000,0.008305824968610
287,0,OAH22,6,10/04/2018,POSP, ,303,OAH22_06_10/04/2018_POSP_0303,0.000662349507332,0.108938860506000,231, , ,3,0.109002653100000,0.000662774978996
288,0,OAH22,6,10/04/2018,POSP, ,304,OAH22_06_10/04/2018_POSP_0304,0.036381121216400,0.752011133912000,233, , ,3,0.751962865069000,0.036387505073700
289,0,OAH22,3,10/04/2018,POSP, ,305,OAH22_03_10/04/2018_POSP_0305,0.015439798974200,0.523110788887000,238, , ,3,0.523219571646000,0.015438125045900
290,0,OAH22,3,10/04/2018,POSP, ,306,OAH22_03_10/04/2018_POSP_0306,0.012054761284700,0.645746739896000,236, , ,3,0.645674421551000,0.012053435060000
291,0,OAH22,3,10/04/2018,POSP, ,307,OAH22_03_10/04/2018_POSP_0307,0.022780273871200,0.646065182250000,234, , ,3,0.646142413994000,0.022785989964600
292,0,OAH22,3,10/04/2018,POSP, ,308,OAH22_03_10/04/2018_POSP_0308,0.000850243108209,0.129694992859000,240, , ,3,0.129722692940000,0.000849819985850
293,0,OAH22,3,10/04/2018,POSP, ,309,OAH22_03_10/04/2018_POSP_0309,0.011010102510900,0.455001941022000,243, , ,3,0.454941699958000,0.011008885021200
294,0,OAH22,3,10/04/2018,POSP, ,310,OAH22_03_10/04/2018_POSP_0310,0.015081096972800,0.510595010774000,241, , ,3,0.510563843156000,0.015081349963600
295,0,OAH22,3,10/04/2018,POSP, ,312,OAH22_03_10/04/2018_POSP_0312,0.011857063158700,0.501896306470000,242, , ,3,0.501868442573000,0.011857799967000
296,0,OAH22,3,10/04/2018,POSP, ,313,OAH22_03_10/04/2018_POSP_0313,0.021962944050400,0.723259519130000,239, , ,3,0.723376411528000,0.021963284984300
297,0,OAH22,3,10/04/2018,POSP, ,315,OAH22_03_10/04/2018_POSP_0315,0.005887607062930,0.314063662307000,244, , ,3,0.313958219932000,0.005886834993740
298,0,OAH22,3,10/04/2018,POSP, ,316,OAH22_03_10/04/2018_POSP_0316,0.001199157258240,0.165534059507000,245, , ,3,0.165480145821000,0.001199874985010
299,0,OAH22,3,10/04/2018,POSP, ,317,OAH22_03_10/04/2018_POSP_0317,0.003553119420090,0.287608923269000,247, , ,3,0.287631928815000,0.003552619988120
300,0,OAH22,3,10/04/2018,POSP, ,318,OAH22_03_10/04/2018_POSP_0318,0.031932265853200,0.774949768255000,246, , ,3,0.774876767675000,0.031926949900400
301,0,OAH22,4,10/04/2018,POSP, ,319,OAH22_04_10/04/2018_POSP_0319,0.000847143416304,0.134393174442000,262, , ,3,0.134306012291000,0.000846689989918
302,0,OAH22,4,10/04/2018,POSP, ,320,OAH22_04_10/04/2018_POSP_0320,0.030213257405800,0.780139148879000,265, , ,3,0.780267177582000,0.030210384996700
303,0,OAH22,4,10/04/2018,POSP, ,322,OAH22_04_10/04/2018_POSP_0322,0.008508528073880,0.518620596872000,251, , ,3,0.518553943195000,0.008507650009870
304,0,OAH22,4,10/04/2018,POSP, ,323,OAH22_04_10/04/2018_POSP_0323,0.015730457361000,0.742672596174000,253, , ,3,0.742946230702000,0.015737104980100
305,0,OAH22,4,10/04/2018,POSP, ,324,OAH22_04_10/04/2018_POSP_0324,0.000411665030699,0.074565868053800,259, , ,3,0.074536749663200,0.000411304991767
306,0,OAH22,4,10/04/2018,POSP, ,325,OAH22_04_10/04/2018_POSP_0325,0.005404675855350,0.306476952291000,252, , ,3,0.306325661374000,0.005402220009690
307,0,OAH22,4,10/04/2018,POSP, ,326,OAH22_04_10/04/2018_POSP_0326,0.016527039086800,0.593104386507000,266, , ,3,0.592937861164000,0.016525825043900
308,0,OAH22,4,10/04/2018,POSP, ,327,OAH22_04_10/04/2018_POSP_0327,0.000926089988278,0.124705423485000,261, , ,3,0.124864124945000,0.000927305004555
309,0,OAH22,4,10/04/2018,POSP, ,328,OAH22_04_10/04/2018_POSP_0328,0.000736945118040,0.112147769644000,254, , ,3,0.112194257557000,0.000737634994792
310,0,OAH22,4,10/04/2018,POSP, ,329,OAH22_04_10/04/2018_POSP_0329,0.036784262009600,1.898848193280000,264, , ,3,1.898820945310000,0.036787685062400
311,0,OAH22,4,10/04/2018,POSP, ,330,OAH22_04_10/04/2018_POSP_0330,0.000558471211339,0.090526817043800,260, , ,3,0.090616985723900,0.000558194983986
312,0,OAH22,4,10/04/2018,POSP, ,331,OAH22_04_10/04/2018_POSP_0331,0.001191518198350,0.136256765688000,257, , ,3,0.136322136712000,0.001194049989670
313,0,OAH22,4,10/04/2018,POSP, ,332,OAH22_04_10/04/2018_POSP_0332,0.001620264769680,0.155353361325000,248, , ,3,0.155259790458000,0.001617820011680
314,0,OAH22,4,10/04/2018,POSP, ,333,OAH22_04_10/04/2018_POSP_0333,0.000189929005756,0.059004758175400,256, , ,3,0.058911984246100,0.000189440003933
315,0,OAH22,4,10/04/2018,POSP, ,334,OAH22_04_10/04/2018_POSP_0334,0.090953093299800,2.691004161260000,258, , ,3,2.691522702080000,0.090954399895100
316,0,OAH22,4,10/04/2018,POSP, ,335,OAH22_04_10/04/2018_POSP_0335,0.000760275805713,0.125265201250000,267, , ,3,0.125308700633000,0.000761494987582
317,0,OAH22,4,10/04/2018,POSP, ,336,OAH22_04_10/04/2018_POSP_0336,0.001636680124570,0.152818534352000,263, , ,3,0.152551983373000,0.001634544990950
318,0,OAH22,4,10/04/2018,POSP, ,337,OAH22_04_10/04/2018_POSP_0337,0.013471590155500,0.487077516395000,250, , ,3,0.487230604313000,0.013473934942200
319,0,OAH22,4,10/04/2018,POSP, ,338,OAH22_04_10/04/2018_POSP_0338,0.001871490109610,0.166271301474000,249, , ,3,0.166246095169000,0.001872710007040
320,0,OAH22,4,10/04/2018,POSP, ,339,OAH22_04_10/04/2018_POSP_0339,0.000730126344857,0.109618074371000,255, , ,3,0.109634757979000,0.000730559994707
321,0,OAH22,4,10/04/2018,POSP, ,340,OAH22_04_10/04/2018_POSP_0340,0.000362918067593,0.099562390633000,268, , ,3,0.099534305271400,0.000361440017152
322,0,OAH22,4,10/04/2018,POSP, ,341,OAH22_04_10/04/2018_POSP_0341,0.053530596250000,1.095266461830000,272, , ,3,1.095562774210000,0.053533850003600
323,0,OAH22,4,10/04/2018,POSP, ,342,OAH22_04_10/04/2018_POSP_0342,0.081825242388200,2.197075972230000,271, , ,3,2.197157797270000,0.081819339965400
324,0,OAH22,4,10/04/2018,POSP, ,343,OAH22_04_10/04/2018_POSP_0343,0.008816558363520,0.399335827479000,269, , ,3,0.399434724198000,0.008818529978440
325,0,OAH22,4,10/04/2018,POSP, ,344,OAH22_04_10/04/2018_POSP_0344,0.022283413896100,0.765333185925000,270, , ,3,0.765269221430000,0.022284330049700
326,0,OAH22,3,10/04/2018,PMEA, ,345,OAH22_03_10/04/2018_PMEA_0345,0.020084617307700,0.580046842560000,273, , ,3,0.579835942880000,0.020084764951300
327,0,OAH22,1,10/04/2018,MOSP, ,86,OAH22_01_10/04/2018_MOSP_0086,0.015989813799600,0.806925301108000,54, , ,3,0.806926754469000,0.015988950050300